time,load_shortfall_3h
2018-01-01 00:00:00,7411.763
2018-01-01 03:00:00,3603.64
2018-01-01 06:00:00,2408.6682
2018-01-01 09:00:00,6747.189
2018-01-01 12:00:00,9617.182
2018-01-01 15:00:00,9600.94
2018-01-01 18:00:00,7660.149
2018-01-01 21:00:00,9088.26
2018-01-02 00:00:00,7418.4995
2018-01-02 03:00:00,4251.733
2018-01-02 06:00:00,3049.6052
2018-01-02 09:00:00,6962.976
2018-01-02 12:00:00,8864.65
2018-01-02 15:00:00,8563.602
2018-01-02 18:00:00,8159.429
2018-01-02 21:00:00,9657.345
2018-01-03 00:00:00,9561.736
2018-01-03 03:00:00,4198.76
2018-01-03 06:00:00,2667.6326
2018-01-03 09:00:00,6008.6
2018-01-03 12:00:00,6927.902
2018-01-03 15:00:00,6944.9355
2018-01-03 18:00:00,6065.0645
2018-01-03 21:00:00,7173.735
2018-01-04 00:00:00,8210.43
2018-01-04 03:00:00,3975.066
2018-01-04 06:00:00,2361.154
2018-01-04 09:00:00,5952.4756
2018-01-04 12:00:00,7040.878
2018-01-04 15:00:00,6828.18
2018-01-04 18:00:00,5854.064
2018-01-04 21:00:00,5636.63
2018-01-05 00:00:00,7124.136
2018-01-05 03:00:00,3894.3015
2018-01-05 06:00:00,2486.0237
2018-01-05 09:00:00,5352.069
2018-01-05 12:00:00,6199.042
2018-01-05 15:00:00,4588.448
2018-01-05 18:00:00,3862.9382
2018-01-05 21:00:00,4587.059
2018-01-06 00:00:00,10717.241
2018-01-06 03:00:00,8352.464
2018-01-06 06:00:00,7677.8643
2018-01-06 09:00:00,11571.179
2018-01-06 12:00:00,13750.705
2018-01-06 15:00:00,13550.843
2018-01-06 18:00:00,13576.385
2018-01-06 21:00:00,13752.139
2018-01-07 00:00:00,13546.164
2018-01-07 03:00:00,10312.28
2018-01-07 06:00:00,8600.296
2018-01-07 09:00:00,13154.25
2018-01-07 12:00:00,15152.867
2018-01-07 15:00:00,14019.588
2018-01-07 18:00:00,14285.801
2018-01-07 21:00:00,15366.494
2018-01-08 00:00:00,14962.331
2018-01-08 03:00:00,10605.005
2018-01-08 06:00:00,9659.505
2018-01-08 09:00:00,12846.51
2018-01-08 12:00:00,14795.36
2018-01-08 15:00:00,14837.26
2018-01-08 18:00:00,14899.293
2018-01-08 21:00:00,16034.628
2018-01-09 00:00:00,15574.066
2018-01-09 03:00:00,10729.537
2018-01-09 06:00:00,10209.895
2018-01-09 09:00:00,13302.253
2018-01-09 12:00:00,14789.475
2018-01-09 15:00:00,14651.456
2018-01-09 18:00:00,14066.332
2018-01-09 21:00:00,14684.983
2018-01-10 00:00:00,14607.384
2018-01-10 03:00:00,10615.699
2018-01-10 06:00:00,8836.242
2018-01-10 09:00:00,13374.999
2018-01-10 12:00:00,14938.099
2018-01-10 15:00:00,13829.161
2018-01-10 18:00:00,13544.906
2018-01-10 21:00:00,14140.343
2018-01-11 00:00:00,13380.974
2018-01-11 03:00:00,10098.303
2018-01-11 06:00:00,8947.361
2018-01-11 09:00:00,12322.182
2018-01-11 12:00:00,14126.893
2018-01-11 15:00:00,13549.935
2018-01-11 18:00:00,12199.363
2018-01-11 21:00:00,14257.764
2018-01-12 00:00:00,13792.942
2018-01-12 03:00:00,10529.637
2018-01-12 06:00:00,9676.219
2018-01-12 09:00:00,13824.986
2018-01-12 12:00:00,17319.164
2018-01-12 15:00:00,15846.996
2018-01-12 18:00:00,16180.051
2018-01-12 21:00:00,18463.568
2018-01-13 00:00:00,15566.209
2018-01-13 03:00:00,9954.809
2018-01-13 06:00:00,8096.14
2018-01-13 09:00:00,12420.756
2018-01-13 12:00:00,13210.829
2018-01-13 15:00:00,15517.47
2018-01-13 18:00:00,14990.206
2018-01-13 21:00:00,14148.911
2018-01-14 00:00:00,13608.775
2018-01-14 03:00:00,8325.528
2018-01-14 06:00:00,6291.822
2018-01-14 09:00:00,11594.954
2018-01-14 12:00:00,14973.62
2018-01-14 15:00:00,13178.094
2018-01-14 18:00:00,14034.246
2018-01-14 21:00:00,16348.969
2018-01-15 00:00:00,13772.87
2018-01-15 03:00:00,9580.287
2018-01-15 06:00:00,8485.208
2018-01-15 09:00:00,11692.878
2018-01-15 12:00:00,12644.059
2018-01-15 15:00:00,11399.393
2018-01-15 18:00:00,10855.61
2018-01-15 21:00:00,11948.602
2018-01-16 00:00:00,11957.196
2018-01-16 03:00:00,6670.1177
2018-01-16 06:00:00,3788.6187
2018-01-16 09:00:00,8876.435
2018-01-16 12:00:00,11297.715
2018-01-16 15:00:00,10557.699
2018-01-16 18:00:00,9992.631
2018-01-16 21:00:00,11194.111
2018-01-17 00:00:00,10580.053
2018-01-17 03:00:00,4516.7603
2018-01-17 06:00:00,3831.5837
2018-01-17 09:00:00,8936.087
2018-01-17 12:00:00,10764.074
2018-01-17 15:00:00,8354.948
2018-01-17 18:00:00,9527.488
2018-01-17 21:00:00,12752.229
2018-01-18 00:00:00,13027.559
2018-01-18 03:00:00,8900.312
2018-01-18 06:00:00,4789.8296
2018-01-18 09:00:00,10653.963
2018-01-18 12:00:00,11814.434
2018-01-18 15:00:00,11107.576
2018-01-18 18:00:00,12555.528
2018-01-18 21:00:00,15695.093
2018-01-19 00:00:00,14116.464
2018-01-19 03:00:00,9653.405
2018-01-19 06:00:00,9018.128
2018-01-19 09:00:00,13021.539
2018-01-19 12:00:00,13916.591
2018-01-19 15:00:00,12873.639
2018-01-19 18:00:00,11675.75
2018-01-19 21:00:00,12783.36
2018-01-20 00:00:00,13117.56
2018-01-20 03:00:00,8580.237
2018-01-20 06:00:00,7312.1167
2018-01-20 09:00:00,11021.317
2018-01-20 12:00:00,11105.73
2018-01-20 15:00:00,11021.584
2018-01-20 18:00:00,9250.266
2018-01-20 21:00:00,10332.61
2018-01-21 00:00:00,10000.547
2018-01-21 03:00:00,5109.7173
2018-01-21 06:00:00,3919.7175
2018-01-21 09:00:00,8562.385
2018-01-21 12:00:00,10410.946
2018-01-21 15:00:00,10033.088
2018-01-21 18:00:00,8877.676
2018-01-21 21:00:00,12739.387
2018-01-22 00:00:00,12542.586
2018-01-22 03:00:00,8671.358
2018-01-22 06:00:00,6316.549
2018-01-22 09:00:00,11157.241
2018-01-22 12:00:00,10909.808
2018-01-22 15:00:00,10970.71
2018-01-22 18:00:00,11982.426
2018-01-22 21:00:00,15230.48
2018-01-23 00:00:00,12841.258
2018-01-23 03:00:00,8222.746
2018-01-23 06:00:00,8463.513
2018-01-23 09:00:00,12134.48
2018-01-23 12:00:00,13084.213
2018-01-23 15:00:00,11840.93
2018-01-23 18:00:00,12860.829
2018-01-23 21:00:00,15279.52
2018-01-24 00:00:00,13473.634
2018-01-24 03:00:00,9206.162
2018-01-24 06:00:00,7502.6943
2018-01-24 09:00:00,12450.139
2018-01-24 12:00:00,12673.197
2018-01-24 15:00:00,13069.65
2018-01-24 18:00:00,12706.725
2018-01-24 21:00:00,15415.334
2018-01-25 00:00:00,13496.59
2018-01-25 03:00:00,9900.159
2018-01-25 06:00:00,9211.996
2018-01-25 09:00:00,13830.269
2018-01-25 12:00:00,13667.839
2018-01-25 15:00:00,14917.397
2018-01-25 18:00:00,11599.032
2018-01-25 21:00:00,14236.214
2018-01-26 00:00:00,12743.272
2018-01-26 03:00:00,5666.147
2018-01-26 06:00:00,3479.1597
2018-01-26 09:00:00,9531.949
2018-01-26 12:00:00,11048.753
2018-01-26 15:00:00,9851.52
2018-01-26 18:00:00,7481.678
2018-01-26 21:00:00,10742.499
2018-01-27 00:00:00,9464.729
2018-01-27 03:00:00,4290.426
2018-01-27 06:00:00,2988.6135
2018-01-27 09:00:00,9987.671
2018-01-27 12:00:00,11077.065
2018-01-27 15:00:00,9259.274
2018-01-27 18:00:00,8511.791
2018-01-27 21:00:00,12431.999
2018-01-28 00:00:00,12062.062
2018-01-28 03:00:00,6883.933
2018-01-28 06:00:00,5080.0884
2018-01-28 09:00:00,9688.375
2018-01-28 12:00:00,12294.429
2018-01-28 15:00:00,11298.865
2018-01-28 18:00:00,12153.629
2018-01-28 21:00:00,12891.034
2018-01-29 00:00:00,12708.275
2018-01-29 03:00:00,8187.04
2018-01-29 06:00:00,7388.919
2018-01-29 09:00:00,8777.736
2018-01-29 12:00:00,12304.901
2018-01-29 15:00:00,10434.269
2018-01-29 18:00:00,11295.021
2018-01-29 21:00:00,15058.068
2018-01-30 00:00:00,12787.496
2018-01-30 03:00:00,9134.289
2018-01-30 06:00:00,7245.4194
2018-01-30 09:00:00,10716.584
2018-01-30 12:00:00,12296.818
2018-01-30 15:00:00,11245.616
2018-01-30 18:00:00,11492.379
2018-01-30 21:00:00,14705.895
2018-01-31 00:00:00,12649.606
2018-01-31 03:00:00,8359.332
2018-01-31 06:00:00,6072.7104
2018-01-31 09:00:00,9521.267
2018-01-31 12:00:00,12251.356
2018-01-31 15:00:00,10661.551
2018-01-31 18:00:00,10165.576
2018-01-31 21:00:00,14957.082
2018-02-01 00:00:00,12989.723
2018-02-01 03:00:00,7816.7393
2018-02-01 06:00:00,5914.0806
2018-02-01 09:00:00,9922.488
2018-02-01 12:00:00,12192.204
2018-02-01 15:00:00,11276.85
2018-02-01 18:00:00,12139.541
2018-02-01 21:00:00,13791.543
2018-02-02 00:00:00,11989.88
2018-02-02 03:00:00,7518.0605
2018-02-02 06:00:00,5390.406
2018-02-02 09:00:00,9766.37
2018-02-02 12:00:00,12007.729
2018-02-02 15:00:00,11233.647
2018-02-02 18:00:00,8916.398
2018-02-02 21:00:00,10778.146
2018-02-03 00:00:00,9206.11
2018-02-03 03:00:00,4821.2314
2018-02-03 06:00:00,3335.544
2018-02-03 09:00:00,7085.839
2018-02-03 12:00:00,8115.147
2018-02-03 15:00:00,5930.2676
2018-02-03 18:00:00,6552.1006
2018-02-03 21:00:00,7126.4375
2018-02-04 00:00:00,7365.1177
2018-02-04 03:00:00,4254.853
2018-02-04 06:00:00,2905.7578
2018-02-04 09:00:00,7231.9814
2018-02-04 12:00:00,8876.513
2018-02-04 15:00:00,8849.481
2018-02-04 18:00:00,8146.674
2018-02-04 21:00:00,8394.129
2018-02-05 00:00:00,8727.835
2018-02-05 03:00:00,6079.791
2018-02-05 06:00:00,5008.8784
2018-02-05 09:00:00,8692.612
2018-02-05 12:00:00,9924.928
2018-02-05 15:00:00,9982.229
2018-02-05 18:00:00,9533.628
2018-02-05 21:00:00,9797.991
2018-02-06 00:00:00,12308.398
2018-02-06 03:00:00,10268.213
2018-02-06 06:00:00,8953.069
2018-02-06 09:00:00,13011.595
2018-02-06 12:00:00,14688.232
2018-02-06 15:00:00,13350.893
2018-02-06 18:00:00,13640.43
2018-02-06 21:00:00,13806.07
2018-02-07 00:00:00,13967.178
2018-02-07 03:00:00,10834.661
2018-02-07 06:00:00,9824.064
2018-02-07 09:00:00,12930.315
2018-02-07 12:00:00,14686.215
2018-02-07 15:00:00,13659.268
2018-02-07 18:00:00,12262.117
2018-02-07 21:00:00,13465.5
2018-02-08 00:00:00,14161.384
2018-02-08 03:00:00,10561.604
2018-02-08 06:00:00,9475.876
2018-02-08 09:00:00,12902.414
2018-02-08 12:00:00,14556.418
2018-02-08 15:00:00,13462.895
2018-02-08 18:00:00,12802.485
2018-02-08 21:00:00,14445.488
2018-02-09 00:00:00,13946.184
2018-02-09 03:00:00,10765.166
2018-02-09 06:00:00,9892.716
2018-02-09 09:00:00,13471.433
2018-02-09 12:00:00,14981.376
2018-02-09 15:00:00,13681.26
2018-02-09 18:00:00,13317.113
2018-02-09 21:00:00,14388.532
2018-02-10 00:00:00,12818.829
2018-02-10 03:00:00,10028.297
2018-02-10 06:00:00,8965.098
2018-02-10 09:00:00,12071.124
2018-02-10 12:00:00,13638.275
2018-02-10 15:00:00,13527.858
2018-02-10 18:00:00,11981.067
2018-02-10 21:00:00,14472.925
2018-02-11 00:00:00,14712.485
2018-02-11 03:00:00,10223.863
2018-02-11 06:00:00,8641.769
2018-02-11 09:00:00,13581.421
2018-02-11 12:00:00,14079.305
2018-02-11 15:00:00,13720.057
2018-02-11 18:00:00,12471.751
2018-02-11 21:00:00,13429.937
2018-02-12 00:00:00,14765.304
2018-02-12 03:00:00,11167.394
2018-02-12 06:00:00,8759.809
2018-02-12 09:00:00,13687.231
2018-02-12 12:00:00,16670.426
2018-02-12 15:00:00,16564.008
2018-02-12 18:00:00,16799.25
2018-02-12 21:00:00,18601.055
2018-02-13 00:00:00,14409.885
2018-02-13 03:00:00,7590.509
2018-02-13 06:00:00,7974.648
2018-02-13 09:00:00,8036.275
2018-02-13 12:00:00,7176.8657
2018-02-13 15:00:00,6217.3813
2018-02-13 18:00:00,6865.7246
2018-02-13 21:00:00,7217.038
2018-02-14 00:00:00,9728.151
2018-02-14 03:00:00,4549.577
2018-02-14 06:00:00,2241.2314
2018-02-14 09:00:00,5755.156
2018-02-14 12:00:00,7953.136
2018-02-14 15:00:00,7520.109
2018-02-14 18:00:00,6917.127
2018-02-14 21:00:00,11207.161
2018-02-15 00:00:00,11308.164
2018-02-15 03:00:00,9175.363
2018-02-15 06:00:00,7637.8057
2018-02-15 09:00:00,11189.956
2018-02-15 12:00:00,12160.273
2018-02-15 15:00:00,11346.051
2018-02-15 18:00:00,11443.405
2018-02-15 21:00:00,13094.481
2018-02-16 00:00:00,11503.935
2018-02-16 03:00:00,7648.5938
2018-02-16 06:00:00,7955.161
2018-02-16 09:00:00,11775.535
2018-02-16 12:00:00,12624.151
2018-02-16 15:00:00,12303.034
2018-02-16 18:00:00,9607.969
2018-02-16 21:00:00,10551.362
2018-02-17 00:00:00,11993.374
2018-02-17 03:00:00,5959.436
2018-02-17 06:00:00,5245.408
2018-02-17 09:00:00,11360.298
2018-02-17 12:00:00,10736.845
2018-02-17 15:00:00,8892.05
2018-02-17 18:00:00,10114.434
2018-02-17 21:00:00,12008.315
2018-02-18 00:00:00,12127.089
2018-02-18 03:00:00,8738.364
2018-02-18 06:00:00,6513.714
2018-02-18 09:00:00,10985.8125
2018-02-18 12:00:00,12578.1
2018-02-18 15:00:00,9960.185
2018-02-18 18:00:00,8840.507
2018-02-18 21:00:00,11054.159
2018-02-19 00:00:00,11929.963
2018-02-19 03:00:00,8374.801
2018-02-19 06:00:00,7227.071
2018-02-19 09:00:00,10724.688
2018-02-19 12:00:00,9495.801
2018-02-19 15:00:00,9411.574
2018-02-19 18:00:00,9337.822
2018-02-19 21:00:00,9684.225
2018-02-20 00:00:00,8882.252
2018-02-20 03:00:00,4827.5615
2018-02-20 06:00:00,3415.521
2018-02-20 09:00:00,8835.608
2018-02-20 12:00:00,8494.645
2018-02-20 15:00:00,6428.5244
2018-02-20 18:00:00,6500.661
2018-02-20 21:00:00,7007.081
2018-02-21 00:00:00,7660.8125
2018-02-21 03:00:00,3871.545
2018-02-21 06:00:00,1615.4067
2018-02-21 09:00:00,4182.502
2018-02-21 12:00:00,6758.2456
2018-02-21 15:00:00,6756.8794
2018-02-21 18:00:00,11120.526
2018-02-21 21:00:00,14731.744
2018-02-22 00:00:00,12809.645
2018-02-22 03:00:00,8288.254
2018-02-22 06:00:00,7553.1826
2018-02-22 09:00:00,10642.666
2018-02-22 12:00:00,12452.673
2018-02-22 15:00:00,9182.075
2018-02-22 18:00:00,8630.977
2018-02-22 21:00:00,14622.17
2018-02-23 00:00:00,10490.184
2018-02-23 03:00:00,8178.0386
2018-02-23 06:00:00,6235.427
2018-02-23 09:00:00,10972.14
2018-02-23 12:00:00,10839.362
2018-02-23 15:00:00,10818.827
2018-02-23 18:00:00,11210.25
2018-02-23 21:00:00,14662.171
2018-02-24 00:00:00,13404.089
2018-02-24 03:00:00,9383.345
2018-02-24 06:00:00,8049.4336
2018-02-24 09:00:00,11616.79
2018-02-24 12:00:00,13681.565
2018-02-24 15:00:00,10656.475
2018-02-24 18:00:00,10734.201
2018-02-24 21:00:00,14419.671
2018-02-25 00:00:00,13050.389
2018-02-25 03:00:00,8474.18
2018-02-25 06:00:00,8429.767
2018-02-25 09:00:00,12169.914
2018-02-25 12:00:00,11906.89
2018-02-25 15:00:00,9079.811
2018-02-25 18:00:00,9521.059
2018-02-25 21:00:00,14137.357
2018-02-26 00:00:00,12874.724
2018-02-26 03:00:00,7689.556
2018-02-26 06:00:00,6375.3223
2018-02-26 09:00:00,9681.696
2018-02-26 12:00:00,10885.909
2018-02-26 15:00:00,9610.438
2018-02-26 18:00:00,9868.64
2018-02-26 21:00:00,11974.009
2018-02-27 00:00:00,11753.215
2018-02-27 03:00:00,5720.719
2018-02-27 06:00:00,5333.26
2018-02-27 09:00:00,11134.807
2018-02-27 12:00:00,14671.512
2018-02-27 15:00:00,13461.028
2018-02-27 18:00:00,13992.805
2018-02-27 21:00:00,14516.171
2018-02-28 00:00:00,12816.247
2018-02-28 03:00:00,7277.5674
2018-02-28 06:00:00,5944.2075
2018-02-28 09:00:00,8645.379
2018-02-28 12:00:00,11231.147
2018-02-28 15:00:00,7732.709
2018-02-28 18:00:00,5578.753
2018-02-28 21:00:00,7572.5356
2018-03-01 00:00:00,9146.694
2018-03-01 03:00:00,4292.943
2018-03-01 06:00:00,2721.8545
2018-03-01 09:00:00,7047.4287
2018-03-01 12:00:00,8730.184
2018-03-01 15:00:00,8284.571
2018-03-01 18:00:00,8296.035
2018-03-01 21:00:00,9102.671
2018-03-02 00:00:00,7424.5923
2018-03-02 03:00:00,4917.838
2018-03-02 06:00:00,3075.1548
2018-03-02 09:00:00,7013.6523
2018-03-02 12:00:00,8723.561
2018-03-02 15:00:00,8456.418
2018-03-02 18:00:00,8260.672
2018-03-02 21:00:00,9648.181
2018-03-03 00:00:00,9518.793
2018-03-03 03:00:00,4711.932
2018-03-03 06:00:00,3387.7498
2018-03-03 09:00:00,6738.7627
2018-03-03 12:00:00,6435.97
2018-03-03 15:00:00,5358.357
2018-03-03 18:00:00,6166.1846
2018-03-03 21:00:00,7039.457
2018-03-04 00:00:00,8327.492
2018-03-04 03:00:00,4150.7866
2018-03-04 06:00:00,2792.4097
2018-03-04 09:00:00,5437.688
2018-03-04 12:00:00,6409.5854
2018-03-04 15:00:00,6405.59
2018-03-04 18:00:00,5879.889
2018-03-04 21:00:00,6181.4243
2018-03-05 00:00:00,8107.9795
2018-03-05 03:00:00,4660.6978
2018-03-05 06:00:00,3699.6716
2018-03-05 09:00:00,7247.264
2018-03-05 12:00:00,7506.107
2018-03-05 15:00:00,8882.286
2018-03-05 18:00:00,7671.814
2018-03-05 21:00:00,7647.747
2018-03-06 00:00:00,10892.751
2018-03-06 03:00:00,8797.282
2018-03-06 06:00:00,7267.88
2018-03-06 09:00:00,9844.628
2018-03-06 12:00:00,11111.269
2018-03-06 15:00:00,11918.13
2018-03-06 18:00:00,11321.847
2018-03-06 21:00:00,12012.264
2018-03-07 00:00:00,12736.03
2018-03-07 03:00:00,10088.291
2018-03-07 06:00:00,8496.86
2018-03-07 09:00:00,11669.991
2018-03-07 12:00:00,12050.192
2018-03-07 15:00:00,12646.985
2018-03-07 18:00:00,11899.988
2018-03-07 21:00:00,12014.965
2018-03-08 00:00:00,13335.777
2018-03-08 03:00:00,9855.381
2018-03-08 06:00:00,9134.229
2018-03-08 09:00:00,12364.457
2018-03-08 12:00:00,13934.621
2018-03-08 15:00:00,13540.202
2018-03-08 18:00:00,12721.602
2018-03-08 21:00:00,13634.424
2018-03-09 00:00:00,14094.475
2018-03-09 03:00:00,11169.425
2018-03-09 06:00:00,9906.923
2018-03-09 09:00:00,12185.883
2018-03-09 12:00:00,13620.7
2018-03-09 15:00:00,13328.633
2018-03-09 18:00:00,13123.758
2018-03-09 21:00:00,13140.269
2018-03-10 00:00:00,13774.525
2018-03-10 03:00:00,10800.838
2018-03-10 06:00:00,9740.304
2018-03-10 09:00:00,11948.202
2018-03-10 12:00:00,13347.568
2018-03-10 15:00:00,13017.875
2018-03-10 18:00:00,12882.42
2018-03-10 21:00:00,13120.559
2018-03-11 00:00:00,12318.97
2018-03-11 03:00:00,8336.31
2018-03-11 06:00:00,7117.6733
2018-03-11 09:00:00,9600.753
2018-03-11 12:00:00,11555.331
2018-03-11 15:00:00,11678.338
2018-03-11 18:00:00,10612.213
2018-03-11 21:00:00,12542.918
2018-03-12 00:00:00,13384.95
2018-03-12 03:00:00,11136.449
2018-03-12 06:00:00,9427.58
2018-03-12 09:00:00,13417.247
2018-03-12 12:00:00,15965.82
2018-03-12 15:00:00,15740.786
2018-03-12 18:00:00,14429.541
2018-03-12 21:00:00,15600.97
2018-03-13 00:00:00,10461.38
2018-03-13 03:00:00,7379.7207
2018-03-13 06:00:00,4888.095
2018-03-13 09:00:00,9619.791
2018-03-13 12:00:00,9349.828
2018-03-13 15:00:00,7429.7173
2018-03-13 18:00:00,7114.558
2018-03-13 21:00:00,10438.825
2018-03-14 00:00:00,11146.549
2018-03-14 03:00:00,6595.353
2018-03-14 06:00:00,4630.462
2018-03-14 09:00:00,6939.547
2018-03-14 12:00:00,5746.37
2018-03-14 15:00:00,4265.898
2018-03-14 18:00:00,4654.5254
2018-03-14 21:00:00,6612.8467
2018-03-15 00:00:00,6943.2207
2018-03-15 03:00:00,1329.0696
2018-03-15 06:00:00,636.53064
2018-03-15 09:00:00,3134.8716
2018-03-15 12:00:00,3992.9014
2018-03-15 15:00:00,4252.7383
2018-03-15 18:00:00,3578.9607
2018-03-15 21:00:00,7209.3257
2018-03-16 00:00:00,7378.13
2018-03-16 03:00:00,5621.7256
2018-03-16 06:00:00,3151.3193
2018-03-16 09:00:00,5852.3594
2018-03-16 12:00:00,6601.5767
2018-03-16 15:00:00,3229.2847
2018-03-16 18:00:00,3927.0454
2018-03-16 21:00:00,8752.45
2018-03-17 00:00:00,8552.395
2018-03-17 03:00:00,3706.7976
2018-03-17 06:00:00,3300.8704
2018-03-17 09:00:00,5658.2515
2018-03-17 12:00:00,7171.1826
2018-03-17 15:00:00,6209.364
2018-03-17 18:00:00,4802.634
2018-03-17 21:00:00,7150.9873
2018-03-18 00:00:00,8407.468
2018-03-18 03:00:00,4451.4185
2018-03-18 06:00:00,3115.8647
2018-03-18 09:00:00,6767.2188
2018-03-18 12:00:00,6953.7246
2018-03-18 15:00:00,3392.4495
2018-03-18 18:00:00,4346.425
2018-03-18 21:00:00,6345.841
2018-03-19 00:00:00,7956.053
2018-03-19 03:00:00,4524.673
2018-03-19 06:00:00,4856.759
2018-03-19 09:00:00,5977.636
2018-03-19 12:00:00,5069.829
2018-03-19 15:00:00,5030.03
2018-03-19 18:00:00,6916.9907
2018-03-19 21:00:00,7824.5845
2018-03-20 00:00:00,6474.768
2018-03-20 03:00:00,3550.8115
2018-03-20 06:00:00,416.4076
2018-03-20 09:00:00,4847.6626
2018-03-20 12:00:00,7299.924
2018-03-20 15:00:00,5864.189
2018-03-20 18:00:00,4967.4795
2018-03-20 21:00:00,6805.8423
2018-03-21 00:00:00,7801.7876
2018-03-21 03:00:00,3272.4216
2018-03-21 06:00:00,2861.0818
2018-03-21 09:00:00,7076.0283
2018-03-21 12:00:00,6012.5044
2018-03-21 15:00:00,2844.473
2018-03-21 18:00:00,5396.035
2018-03-21 21:00:00,5319.2773
2018-03-22 00:00:00,5918.2827
2018-03-22 03:00:00,3406.1946
2018-03-22 06:00:00,3989.173
2018-03-22 09:00:00,8295.225
2018-03-22 12:00:00,7637.5493
2018-03-22 15:00:00,5380.61
2018-03-22 18:00:00,4997.8096
2018-03-22 21:00:00,9911.531
2018-03-23 00:00:00,9338.824
2018-03-23 03:00:00,7109.803
2018-03-23 06:00:00,5680.817
2018-03-23 09:00:00,6981.1606
2018-03-23 12:00:00,5315.2656
2018-03-23 15:00:00,2639.1406
2018-03-23 18:00:00,3577.0137
2018-03-23 21:00:00,5305.2607
2018-03-24 00:00:00,5648.92
2018-03-24 03:00:00,721.50354
2018-03-24 06:00:00,-1540.2616
2018-03-24 09:00:00,2141.0852
2018-03-24 12:00:00,3743.5818
2018-03-24 15:00:00,1516.7794
2018-03-24 18:00:00,2844.4585
2018-03-24 21:00:00,3335.96
2018-03-25 00:00:00,4341.3276
2018-03-25 03:00:00,-32.582836
2018-03-25 06:00:00,15.673367
2018-03-25 09:00:00,5836.7114
2018-03-25 12:00:00,9201.168
2018-03-25 15:00:00,7722.632
2018-03-25 18:00:00,6329.6846
2018-03-25 21:00:00,8163.622
2018-03-26 00:00:00,10688.41
2018-03-26 03:00:00,5062.364
2018-03-26 06:00:00,3121.8357
2018-03-26 09:00:00,7031.5464
2018-03-26 12:00:00,7197.7524
2018-03-26 15:00:00,4430.7515
2018-03-26 18:00:00,3746.1514
2018-03-26 21:00:00,6976.382
2018-03-27 00:00:00,6568.4424
2018-03-27 03:00:00,5963.2144
2018-03-27 06:00:00,2242.6423
2018-03-27 09:00:00,6841.178
2018-03-27 12:00:00,7535.8364
2018-03-27 15:00:00,7255.627
2018-03-27 18:00:00,4873.871
2018-03-27 21:00:00,8168.215
2018-03-28 00:00:00,9530.032
2018-03-28 03:00:00,6695.578
2018-03-28 06:00:00,5893.0312
2018-03-28 09:00:00,9774.816
2018-03-28 12:00:00,8053.8105
2018-03-28 15:00:00,5922.7925
2018-03-28 18:00:00,3763.0212
2018-03-28 21:00:00,4543.511
2018-03-29 00:00:00,6163.0317
2018-03-29 03:00:00,3270.5847
2018-03-29 06:00:00,2560.3767
2018-03-29 09:00:00,7485.87
2018-03-29 12:00:00,8950.539
2018-03-29 15:00:00,4735.5005
2018-03-29 18:00:00,1053.4929
2018-03-29 21:00:00,7314.598
2018-03-30 00:00:00,4748.3286
2018-03-30 03:00:00,292.3989
2018-03-30 06:00:00,-990.86304
2018-03-30 09:00:00,4182.0093
2018-03-30 12:00:00,3507.471
2018-03-30 15:00:00,2331.6619
2018-03-30 18:00:00,-1221.0753
2018-03-30 21:00:00,1121.54
2018-03-31 00:00:00,3329.2556
2018-03-31 03:00:00,-600.1386
2018-03-31 06:00:00,-2471.347
2018-03-31 09:00:00,738.0556
2018-03-31 12:00:00,2982.2532
2018-03-31 15:00:00,298.2774
2018-03-31 18:00:00,-558.25525
2018-03-31 21:00:00,2521.984
2018-04-01 00:00:00,8689.152
2018-04-01 03:00:00,5577.385
2018-04-01 06:00:00,5278.189
2018-04-01 09:00:00,9049.146
2018-04-01 12:00:00,11062.768
2018-04-01 15:00:00,10527.053
2018-04-01 18:00:00,9643.17
2018-04-01 21:00:00,9592.267
2018-04-02 00:00:00,9738.402
2018-04-02 03:00:00,5368.543
2018-04-02 06:00:00,3048.7222
2018-04-02 09:00:00,6942.5386
2018-04-02 12:00:00,8280.809
2018-04-02 15:00:00,7048.0864
2018-04-02 18:00:00,7075.4277
2018-04-02 21:00:00,9785.255
2018-04-03 00:00:00,8672.454
2018-04-03 03:00:00,4016.7236
2018-04-03 06:00:00,2070.9355
2018-04-03 09:00:00,6074.8594
2018-04-03 12:00:00,5139.9907
2018-04-03 15:00:00,2927.9373
2018-04-03 18:00:00,1136.552
2018-04-03 21:00:00,3842.4778
2018-04-04 00:00:00,5143.903
2018-04-04 03:00:00,2345.0154
2018-04-04 06:00:00,2034.9697
2018-04-04 09:00:00,5237.9824
2018-04-04 12:00:00,5160.3887
2018-04-04 15:00:00,6610.384
2018-04-04 18:00:00,5497.083
2018-04-04 21:00:00,5939.3325
2018-04-05 00:00:00,8197.515
2018-04-05 03:00:00,5284.194
2018-04-05 06:00:00,4736.7095
2018-04-05 09:00:00,8219.36
2018-04-05 12:00:00,9903.412
2018-04-05 15:00:00,9310.348
2018-04-05 18:00:00,8241.001
2018-04-05 21:00:00,8747.855
2018-04-06 00:00:00,11205.925
2018-04-06 03:00:00,9078.092
2018-04-06 06:00:00,8010.152
2018-04-06 09:00:00,11389.978
2018-04-06 12:00:00,12318.236
2018-04-06 15:00:00,12233.934
2018-04-06 18:00:00,11638.693
2018-04-06 21:00:00,12176.588
2018-04-07 00:00:00,12322.696
2018-04-07 03:00:00,9248.932
2018-04-07 06:00:00,8431.615
2018-04-07 09:00:00,11967.718
2018-04-07 12:00:00,13802.974
2018-04-07 15:00:00,13323.414
2018-04-07 18:00:00,12919.437
2018-04-07 21:00:00,13553.246
2018-04-08 00:00:00,13594.192
2018-04-08 03:00:00,9870.808
2018-04-08 06:00:00,8547.437
2018-04-08 09:00:00,12337.722
2018-04-08 12:00:00,13507.03
2018-04-08 15:00:00,13063.02
2018-04-08 18:00:00,11686.152
2018-04-08 21:00:00,12880.242
2018-04-09 00:00:00,13710.9375
2018-04-09 03:00:00,10199.374
2018-04-09 06:00:00,9651.315
2018-04-09 09:00:00,12199.443
2018-04-09 12:00:00,13842.21
2018-04-09 15:00:00,13357.955
2018-04-09 18:00:00,11944.45
2018-04-09 21:00:00,13238.478
2018-04-10 00:00:00,12169.438
2018-04-10 03:00:00,10370.171
2018-04-10 06:00:00,9535.371
2018-04-10 09:00:00,11935.557
2018-04-10 12:00:00,13278.676
2018-04-10 15:00:00,13694.528
2018-04-10 18:00:00,12879.93
2018-04-10 21:00:00,13890.131
2018-04-11 00:00:00,14080.584
2018-04-11 03:00:00,9970.871
2018-04-11 06:00:00,8450.534
2018-04-11 09:00:00,11586.801
2018-04-11 12:00:00,13111.483
2018-04-11 15:00:00,13025.965
2018-04-11 18:00:00,12259.071
2018-04-11 21:00:00,12794.383
2018-04-12 00:00:00,13279.207
2018-04-12 03:00:00,10861.144
2018-04-12 06:00:00,9545.742
2018-04-12 09:00:00,13320.26
2018-04-12 12:00:00,15804.773
2018-04-12 15:00:00,14631.521
2018-04-12 18:00:00,13573.956
2018-04-12 21:00:00,15321.519
2018-04-13 00:00:00,12442.52
2018-04-13 03:00:00,5690.39
2018-04-13 06:00:00,5144.671
2018-04-13 09:00:00,9370.388
2018-04-13 12:00:00,9710.876
2018-04-13 15:00:00,9155.699
2018-04-13 18:00:00,8224.881
2018-04-13 21:00:00,10196.484
2018-04-14 00:00:00,11404.901
2018-04-14 03:00:00,8411.697
2018-04-14 06:00:00,7287.0933
2018-04-14 09:00:00,10739.749
2018-04-14 12:00:00,11486.711
2018-04-14 15:00:00,10681.07
2018-04-14 18:00:00,8260.085
2018-04-14 21:00:00,9285.758
2018-04-15 00:00:00,10569.339
2018-04-15 03:00:00,8176.618
2018-04-15 06:00:00,6685.4062
2018-04-15 09:00:00,7761.9805
2018-04-15 12:00:00,8444.946
2018-04-15 15:00:00,6909.199
2018-04-15 18:00:00,5115.7427
2018-04-15 21:00:00,8195.787
2018-04-16 00:00:00,7705.3594
2018-04-16 03:00:00,4590.4834
2018-04-16 06:00:00,3883.9807
2018-04-16 09:00:00,8720.367
2018-04-16 12:00:00,9569.685
2018-04-16 15:00:00,7779.4326
2018-04-16 18:00:00,8944.966
2018-04-16 21:00:00,8672.235
2018-04-17 00:00:00,11185.151
2018-04-17 03:00:00,7978.089
2018-04-17 06:00:00,6696.4775
2018-04-17 09:00:00,9430.74
2018-04-17 12:00:00,10846.628
2018-04-17 15:00:00,9860.521
2018-04-17 18:00:00,8190.006
2018-04-17 21:00:00,9976.501
2018-04-18 00:00:00,10573.568
2018-04-18 03:00:00,7323.279
2018-04-18 06:00:00,6775.6714
2018-04-18 09:00:00,9176.748
2018-04-18 12:00:00,10585.02
2018-04-18 15:00:00,10414.521
2018-04-18 18:00:00,9072.927
2018-04-18 21:00:00,9602.736
2018-04-19 00:00:00,10012.731
2018-04-19 03:00:00,6999.3545
2018-04-19 06:00:00,6227.7314
2018-04-19 09:00:00,8622.035
2018-04-19 12:00:00,8338.95
2018-04-19 15:00:00,7598.1245
2018-04-19 18:00:00,6683.392
2018-04-19 21:00:00,9793.269
2018-04-20 00:00:00,10081.831
2018-04-20 03:00:00,6979.203
2018-04-20 06:00:00,4208.9395
2018-04-20 09:00:00,8295.42
2018-04-20 12:00:00,6931.7812
2018-04-20 15:00:00,7221.4316
2018-04-20 18:00:00,7910.7173
2018-04-20 21:00:00,8982.163
2018-04-21 00:00:00,10653.795
2018-04-21 03:00:00,7379.8076
2018-04-21 06:00:00,6940.51
2018-04-21 09:00:00,9042.878
2018-04-21 12:00:00,10363.512
2018-04-21 15:00:00,8836.705
2018-04-21 18:00:00,8952.293
2018-04-21 21:00:00,10379.642
2018-04-22 00:00:00,10671.339
2018-04-22 03:00:00,8222.798
2018-04-22 06:00:00,6657.813
2018-04-22 09:00:00,9881.787
2018-04-22 12:00:00,9694.408
2018-04-22 15:00:00,9573.388
2018-04-22 18:00:00,7679.9404
2018-04-22 21:00:00,10003.652
2018-04-23 00:00:00,10044.054
2018-04-23 03:00:00,6407.3213
2018-04-23 06:00:00,6939.615
2018-04-23 09:00:00,9299.827
2018-04-23 12:00:00,9970.323
2018-04-23 15:00:00,10329.69
2018-04-23 18:00:00,9401.016
2018-04-23 21:00:00,9727.572
2018-04-24 00:00:00,10816.332
2018-04-24 03:00:00,7174.5396
2018-04-24 06:00:00,5595.5674
2018-04-24 09:00:00,9780.3125
2018-04-24 12:00:00,11327.526
2018-04-24 15:00:00,9361.389
2018-04-24 18:00:00,8455.358
2018-04-24 21:00:00,9574.454
2018-04-25 00:00:00,10741.543
2018-04-25 03:00:00,7548.516
2018-04-25 06:00:00,5116.207
2018-04-25 09:00:00,8993.32
2018-04-25 12:00:00,8793.642
2018-04-25 15:00:00,8295.937
2018-04-25 18:00:00,6876.6743
2018-04-25 21:00:00,7911.859
2018-04-26 00:00:00,9495.892
2018-04-26 03:00:00,7259.7944
2018-04-26 06:00:00,5142.3013
2018-04-26 09:00:00,9287.434
2018-04-26 12:00:00,10303.93
2018-04-26 15:00:00,10261.534
2018-04-26 18:00:00,8713.305
2018-04-26 21:00:00,9483.983
2018-04-27 00:00:00,10054.68
2018-04-27 03:00:00,8005.639
2018-04-27 06:00:00,7082.603
2018-04-27 09:00:00,8777.793
2018-04-27 12:00:00,8752.45
2018-04-27 15:00:00,8789.081
2018-04-27 18:00:00,7757.763
2018-04-27 21:00:00,9226.004
2018-04-28 00:00:00,9486.162
2018-04-28 03:00:00,6823.917
2018-04-28 06:00:00,6668.8857
2018-04-28 09:00:00,9212.262
2018-04-28 12:00:00,9326.756
2018-04-28 15:00:00,8488.966
2018-04-28 18:00:00,8001.119
2018-04-28 21:00:00,7635.515
2018-04-29 00:00:00,9802.521
2018-04-29 03:00:00,3964.2334
2018-04-29 06:00:00,617.05756
2018-04-29 09:00:00,2839.9233
2018-04-29 12:00:00,3978.9722
2018-04-29 15:00:00,3004.1113
2018-04-29 18:00:00,-284.9291
2018-04-29 21:00:00,4951.2954
2018-04-30 00:00:00,7582.0894
2018-04-30 03:00:00,3516.2544
2018-04-30 06:00:00,1065.0061
2018-04-30 09:00:00,5940.7705
2018-04-30 12:00:00,7724.25
2018-04-30 15:00:00,4629.9697
2018-04-30 18:00:00,5615.6094
2018-04-30 21:00:00,6126.475
2018-05-01 00:00:00,8924.434
2018-05-01 03:00:00,5668.76
2018-05-01 06:00:00,4920.522
2018-05-01 09:00:00,9261.711
2018-05-01 12:00:00,10980.143
2018-05-01 15:00:00,10911.55
2018-05-01 18:00:00,9663.206
2018-05-01 21:00:00,11476.753
2018-05-02 00:00:00,10530.304
2018-05-02 03:00:00,5449.658
2018-05-02 06:00:00,3787.9893
2018-05-02 09:00:00,7980.7583
2018-05-02 12:00:00,9822.508
2018-05-02 15:00:00,9636.897
2018-05-02 18:00:00,9774.646
2018-05-02 21:00:00,5642.5264
2018-05-03 00:00:00,5843.6235
2018-05-03 03:00:00,2265.203
2018-05-03 06:00:00,1100.0056
2018-05-03 09:00:00,3633.9094
2018-05-03 12:00:00,4675.352
2018-05-03 15:00:00,3509.9172
2018-05-03 18:00:00,6598.572
2018-05-03 21:00:00,7644.5806
2018-05-04 00:00:00,6969.2183
2018-05-04 03:00:00,2934.11
2018-05-04 06:00:00,1504.4858
2018-05-04 09:00:00,5788.552
2018-05-04 12:00:00,7010.7075
2018-05-04 15:00:00,7111.7656
2018-05-04 18:00:00,5943.815
2018-05-04 21:00:00,6397.9033
2018-05-05 00:00:00,8657.072
2018-05-05 03:00:00,5867.0967
2018-05-05 06:00:00,4672.8223
2018-05-05 09:00:00,8120.5
2018-05-05 12:00:00,9799.063
2018-05-05 15:00:00,8896.126
2018-05-05 18:00:00,7999.9316
2018-05-05 21:00:00,8592.629
2018-05-06 00:00:00,11475.179
2018-05-06 03:00:00,10090.272
2018-05-06 06:00:00,9008.09
2018-05-06 09:00:00,11747.183
2018-05-06 12:00:00,13904.108
2018-05-06 15:00:00,13127.803
2018-05-06 18:00:00,12027.798
2018-05-06 21:00:00,13025.143
2018-05-07 00:00:00,13624.638
2018-05-07 03:00:00,10664.709
2018-05-07 06:00:00,9483.551
2018-05-07 09:00:00,12873.776
2018-05-07 12:00:00,14425.043
2018-05-07 15:00:00,13940.121
2018-05-07 18:00:00,13027.124
2018-05-07 21:00:00,12209.723
2018-05-08 00:00:00,14069.378
2018-05-08 03:00:00,10440.268
2018-05-08 06:00:00,8941.454
2018-05-08 09:00:00,12730.684
2018-05-08 12:00:00,14324.062
2018-05-08 15:00:00,13998.6875
2018-05-08 18:00:00,13669.829
2018-05-08 21:00:00,14081.097
2018-05-09 00:00:00,14516.997
2018-05-09 03:00:00,10533.45
2018-05-09 06:00:00,9458.398
2018-05-09 09:00:00,13053.521
2018-05-09 12:00:00,14315.651
2018-05-09 15:00:00,13930.477
2018-05-09 18:00:00,13472.738
2018-05-09 21:00:00,13999.954
2018-05-10 00:00:00,14171.725
2018-05-10 03:00:00,10341.24
2018-05-10 06:00:00,9305.873
2018-05-10 09:00:00,12563.178
2018-05-10 12:00:00,13974.031
2018-05-10 15:00:00,13788.89
2018-05-10 18:00:00,12948.483
2018-05-10 21:00:00,13527.142
2018-05-11 00:00:00,14277.401
2018-05-11 03:00:00,10638.73
2018-05-11 06:00:00,9481.532
2018-05-11 09:00:00,12060.273
2018-05-11 12:00:00,13917.496
2018-05-11 15:00:00,14189.244
2018-05-11 18:00:00,13709.943
2018-05-11 21:00:00,14068.852
2018-05-12 00:00:00,14504.706
2018-05-12 03:00:00,10780.27
2018-05-12 06:00:00,9086.573
2018-05-12 09:00:00,13631.835
2018-05-12 12:00:00,16558.168
2018-05-12 15:00:00,16717.977
2018-05-12 18:00:00,15099.193
2018-05-12 21:00:00,14187.76
2018-05-13 00:00:00,11256.657
2018-05-13 03:00:00,5166.5654
2018-05-13 06:00:00,4143.7114
2018-05-13 09:00:00,6964.831
2018-05-13 12:00:00,6524.4194
2018-05-13 15:00:00,6150.444
2018-05-13 18:00:00,5816.8843
2018-05-13 21:00:00,8778.795
2018-05-14 00:00:00,8382.68
2018-05-14 03:00:00,5927.7524
2018-05-14 06:00:00,4542.358
2018-05-14 09:00:00,8620.61
2018-05-14 12:00:00,7509.9536
2018-05-14 15:00:00,8144.7075
2018-05-14 18:00:00,6752.357
2018-05-14 21:00:00,8434.029
2018-05-15 00:00:00,9751.642
2018-05-15 03:00:00,6991.25
2018-05-15 06:00:00,4878.676
2018-05-15 09:00:00,6013.6274
2018-05-15 12:00:00,8227.22
2018-05-15 15:00:00,7786.9785
2018-05-15 18:00:00,8253.164
2018-05-15 21:00:00,8631.57
2018-05-16 00:00:00,10422.091
2018-05-16 03:00:00,7040.3857
2018-05-16 06:00:00,6998.301
2018-05-16 09:00:00,8872.931
2018-05-16 12:00:00,9385.624
2018-05-16 15:00:00,8982.003
2018-05-16 18:00:00,8220.326
2018-05-16 21:00:00,10094.965
2018-05-17 00:00:00,10391.805
2018-05-17 03:00:00,8693.733
2018-05-17 06:00:00,7299.2275
2018-05-17 09:00:00,10392.91
2018-05-17 12:00:00,11808.06
2018-05-17 15:00:00,9961.283
2018-05-17 18:00:00,8793.481
2018-05-17 21:00:00,9022.287
2018-05-18 00:00:00,9907.114
2018-05-18 03:00:00,8267.359
2018-05-18 06:00:00,7432.0776
2018-05-18 09:00:00,10501.889
2018-05-18 12:00:00,10825.088
2018-05-18 15:00:00,8264.101
2018-05-18 18:00:00,8948.697
2018-05-18 21:00:00,10216.707
2018-05-19 00:00:00,11548.892
2018-05-19 03:00:00,7691.5786
2018-05-19 06:00:00,7351.0674
2018-05-19 09:00:00,10679.331
2018-05-19 12:00:00,11387.482
2018-05-19 15:00:00,10116.942
2018-05-19 18:00:00,8445.652
2018-05-19 21:00:00,9277.735
2018-05-20 00:00:00,10322.616
2018-05-20 03:00:00,8054.766
2018-05-20 06:00:00,7945.444
2018-05-20 09:00:00,10841.26
2018-05-20 12:00:00,11441.496
2018-05-20 15:00:00,10209.886
2018-05-20 18:00:00,8675.858
2018-05-20 21:00:00,8852.068
2018-05-21 00:00:00,11835.58
2018-05-21 03:00:00,8761.115
2018-05-21 06:00:00,7797.6934
2018-05-21 09:00:00,10517.282
2018-05-21 12:00:00,11331.975
2018-05-21 15:00:00,9082.016
2018-05-21 18:00:00,8268.684
2018-05-21 21:00:00,8655.841
2018-05-22 00:00:00,11490.206
2018-05-22 03:00:00,8618.979
2018-05-22 06:00:00,7799.832
2018-05-22 09:00:00,10648.514
2018-05-22 12:00:00,11988.61
2018-05-22 15:00:00,9861.78
2018-05-22 18:00:00,10435.668
2018-05-22 21:00:00,10909.952
2018-05-23 00:00:00,12029.551
2018-05-23 03:00:00,9541.738
2018-05-23 06:00:00,8332.213
2018-05-23 09:00:00,11404.049
2018-05-23 12:00:00,12259.825
2018-05-23 15:00:00,11116.631
2018-05-23 18:00:00,8550.809
2018-05-23 21:00:00,10579.719
2018-05-24 00:00:00,11123.928
2018-05-24 03:00:00,8984.072
2018-05-24 06:00:00,7819.131
2018-05-24 09:00:00,10803.256
2018-05-24 12:00:00,9721.648
2018-05-24 15:00:00,8575.945
2018-05-24 18:00:00,7196.632
2018-05-24 21:00:00,8271.055
2018-05-25 00:00:00,9165.767
2018-05-25 03:00:00,7413.5273
2018-05-25 06:00:00,6076.8
2018-05-25 09:00:00,9414.079
2018-05-25 12:00:00,11568.137
2018-05-25 15:00:00,10060.167
2018-05-25 18:00:00,8973.45
2018-05-25 21:00:00,9342.149
2018-05-26 00:00:00,11876.527
2018-05-26 03:00:00,8987.171
2018-05-26 06:00:00,8081.965
2018-05-26 09:00:00,10606.557
2018-05-26 12:00:00,11580.035
2018-05-26 15:00:00,11239.531
2018-05-26 18:00:00,9542.341
2018-05-26 21:00:00,11435.661
2018-05-27 00:00:00,11978.584
2018-05-27 03:00:00,8343.485
2018-05-27 06:00:00,7983.739
2018-05-27 09:00:00,11256.528
2018-05-27 12:00:00,11356.865
2018-05-27 15:00:00,10870.335
2018-05-27 18:00:00,9423.434
2018-05-27 21:00:00,9397.227
2018-05-28 00:00:00,11227.028
2018-05-28 03:00:00,8871.096
2018-05-28 06:00:00,7589.174
2018-05-28 09:00:00,9881.159
2018-05-28 12:00:00,10523.048
2018-05-28 15:00:00,10004.962
2018-05-28 18:00:00,9185.571
2018-05-28 21:00:00,9739.41
2018-05-29 00:00:00,12138.305
2018-05-29 03:00:00,9225.068
2018-05-29 06:00:00,8241.369
2018-05-29 09:00:00,10764.553
2018-05-29 12:00:00,9775.312
2018-05-29 15:00:00,8933.824
2018-05-29 18:00:00,9182.008
2018-05-29 21:00:00,10489.044
2018-05-30 00:00:00,11496.764
2018-05-30 03:00:00,8277.118
2018-05-30 06:00:00,7741.5854
2018-05-30 09:00:00,10539.188
2018-05-30 12:00:00,11227.534
2018-05-30 15:00:00,8686.108
2018-05-30 18:00:00,8477.143
2018-05-30 21:00:00,8595.861
2018-05-31 00:00:00,10976.664
2018-05-31 03:00:00,8870.082
2018-05-31 06:00:00,7705.61
2018-05-31 09:00:00,10710.771
2018-05-31 12:00:00,11024.687
2018-05-31 15:00:00,10663.61
2018-05-31 18:00:00,10161.908
2018-05-31 21:00:00,10220.566
2018-06-01 00:00:00,11691.688
2018-06-01 03:00:00,5569.63
2018-06-01 06:00:00,4416.6294
2018-06-01 09:00:00,8785.434
2018-06-01 12:00:00,11506.758
2018-06-01 15:00:00,10767.251
2018-06-01 18:00:00,11110.113
2018-06-01 21:00:00,12116.164
2018-06-02 00:00:00,12107.47
2018-06-02 03:00:00,5652.346
2018-06-02 06:00:00,4518.378
2018-06-02 09:00:00,8857.581
2018-06-02 12:00:00,12438.928
2018-06-02 15:00:00,10467.845
2018-06-02 18:00:00,11031.821
2018-06-02 21:00:00,12183.856
2018-06-03 00:00:00,10220.553
2018-06-03 03:00:00,4585.0454
2018-06-03 06:00:00,3312.3613
2018-06-03 09:00:00,6484.398
2018-06-03 12:00:00,7930.7983
2018-06-03 15:00:00,7149.5493
2018-06-03 18:00:00,6680.6523
2018-06-03 21:00:00,8277.267
2018-06-04 00:00:00,9155.053
2018-06-04 03:00:00,4515.796
2018-06-04 06:00:00,2803.8572
2018-06-04 09:00:00,6587.0474
2018-06-04 12:00:00,7810.831
2018-06-04 15:00:00,7352.4844
2018-06-04 18:00:00,6106.8467
2018-06-04 21:00:00,6496.7183
2018-06-05 00:00:00,8778.149
2018-06-05 03:00:00,5560.14
2018-06-05 06:00:00,4422.053
2018-06-05 09:00:00,8390.159
2018-06-05 12:00:00,9928.935
2018-06-05 15:00:00,9929.026
2018-06-05 18:00:00,8447.877
2018-06-05 21:00:00,9358.202
2018-06-06 00:00:00,10783.237
2018-06-06 03:00:00,9690.8
2018-06-06 06:00:00,8979.945
2018-06-06 09:00:00,11592.238
2018-06-06 12:00:00,13351.25
2018-06-06 15:00:00,12764.648
2018-06-06 18:00:00,12386.039
2018-06-06 21:00:00,13016.765
2018-06-07 00:00:00,13483.977
2018-06-07 03:00:00,10463.414
2018-06-07 06:00:00,9622.427
2018-06-07 09:00:00,12925.474
2018-06-07 12:00:00,13909.559
2018-06-07 15:00:00,13763.492
2018-06-07 18:00:00,13259.554
2018-06-07 21:00:00,13346.15
2018-06-08 00:00:00,13789.287
2018-06-08 03:00:00,10158.071
2018-06-08 06:00:00,9039.912
2018-06-08 09:00:00,12256.325
2018-06-08 12:00:00,13653.608
2018-06-08 15:00:00,13422.558
2018-06-08 18:00:00,12990.879
2018-06-08 21:00:00,13309.267
2018-06-09 00:00:00,14447.19
2018-06-09 03:00:00,10697.075
2018-06-09 06:00:00,9778.276
2018-06-09 09:00:00,12319.539
2018-06-09 12:00:00,13854.293
2018-06-09 15:00:00,13754.291
2018-06-09 18:00:00,12516.206
2018-06-09 21:00:00,13495.452
2018-06-10 00:00:00,14040.809
2018-06-10 03:00:00,10690.95
2018-06-10 06:00:00,9702.637
2018-06-10 09:00:00,12590.263
2018-06-10 12:00:00,13810.425
2018-06-10 15:00:00,13481.675
2018-06-10 18:00:00,12828.607
2018-06-10 21:00:00,13497.656
2018-06-11 00:00:00,13901.058
2018-06-11 03:00:00,9963.493
2018-06-11 06:00:00,8686.567
2018-06-11 09:00:00,11597.128
2018-06-11 12:00:00,13692.401
2018-06-11 15:00:00,12782.213
2018-06-11 18:00:00,12401.124
2018-06-11 21:00:00,12848.988
2018-06-12 00:00:00,12261.729
2018-06-12 03:00:00,10540.18
2018-06-12 06:00:00,9397.371
2018-06-12 09:00:00,12882.227
2018-06-12 12:00:00,15881.709
2018-06-12 15:00:00,15389.909
2018-06-12 18:00:00,15405.242
2018-06-12 21:00:00,16194.501
2018-06-13 00:00:00,11519.009
2018-06-13 03:00:00,5962.8438
2018-06-13 06:00:00,5589.351
2018-06-13 09:00:00,8288.064
2018-06-13 12:00:00,10412.815
2018-06-13 15:00:00,11037.472
2018-06-13 18:00:00,9983.72
2018-06-13 21:00:00,10161.314
2018-06-14 00:00:00,10530.331
2018-06-14 03:00:00,9270.738
2018-06-14 06:00:00,7890.806
2018-06-14 09:00:00,11311.83
2018-06-14 12:00:00,11941.581
2018-06-14 15:00:00,11275.624
2018-06-14 18:00:00,11254.419
2018-06-14 21:00:00,10325.397
2018-06-15 00:00:00,12234.845
2018-06-15 03:00:00,9822.841
2018-06-15 06:00:00,8902.025
2018-06-15 09:00:00,11397.93
2018-06-15 12:00:00,12741.046
2018-06-15 15:00:00,12265.02
2018-06-15 18:00:00,12003.687
2018-06-15 21:00:00,11821.693
2018-06-16 00:00:00,12138.838
2018-06-16 03:00:00,9400.465
2018-06-16 06:00:00,9346.023
2018-06-16 09:00:00,12027.224
2018-06-16 12:00:00,11848.924
2018-06-16 15:00:00,12251.032
2018-06-16 18:00:00,11735.421
2018-06-16 21:00:00,10728.684
2018-06-17 00:00:00,11191.615
2018-06-17 03:00:00,9377.032
2018-06-17 06:00:00,7599.5957
2018-06-17 09:00:00,11069.256
2018-06-17 12:00:00,10457.544
2018-06-17 15:00:00,10223.838
2018-06-17 18:00:00,9950.252
2018-06-17 21:00:00,9278.093
2018-06-18 00:00:00,11472.866
2018-06-18 03:00:00,8361.355
2018-06-18 06:00:00,8044.9683
2018-06-18 09:00:00,9023.599
2018-06-18 12:00:00,9088.588
2018-06-18 15:00:00,9770.215
2018-06-18 18:00:00,8896.751
2018-06-18 21:00:00,9727.158
2018-06-19 00:00:00,11217.481
2018-06-19 03:00:00,8205.825
2018-06-19 06:00:00,8127.609
2018-06-19 09:00:00,10380.509
2018-06-19 12:00:00,10522.611
2018-06-19 15:00:00,11589.495
2018-06-19 18:00:00,11902.879
2018-06-19 21:00:00,12234.878
2018-06-20 00:00:00,13258.204
2018-06-20 03:00:00,10276.368
2018-06-20 06:00:00,9137.477
2018-06-20 09:00:00,12228.883
2018-06-20 12:00:00,12953.827
2018-06-20 15:00:00,13151.107
2018-06-20 18:00:00,12542.773
2018-06-20 21:00:00,12587.66
2018-06-21 00:00:00,12775.228
2018-06-21 03:00:00,9117.027
2018-06-21 06:00:00,9035.9
2018-06-21 09:00:00,11719.531
2018-06-21 12:00:00,12626.374
2018-06-21 15:00:00,13065.485
2018-06-21 18:00:00,12378.795
2018-06-21 21:00:00,11796.673
2018-06-22 00:00:00,11329.567
2018-06-22 03:00:00,8716.685
2018-06-22 06:00:00,8029.232
2018-06-22 09:00:00,10381.299
2018-06-22 12:00:00,11777.012
2018-06-22 15:00:00,13086.416
2018-06-22 18:00:00,12728.565
2018-06-22 21:00:00,11891.164
2018-06-23 00:00:00,10982.775
2018-06-23 03:00:00,9868.61
2018-06-23 06:00:00,8930.115
2018-06-23 09:00:00,11477.336
2018-06-23 12:00:00,12290.87
2018-06-23 15:00:00,14282.358
2018-06-23 18:00:00,13423.645
2018-06-23 21:00:00,13170.727
2018-06-24 00:00:00,13387.718
2018-06-24 03:00:00,10999.906
2018-06-24 06:00:00,9018.326
2018-06-24 09:00:00,12097.469
2018-06-24 12:00:00,12979.236
2018-06-24 15:00:00,14207.055
2018-06-24 18:00:00,13622.832
2018-06-24 21:00:00,13384.771
2018-06-25 00:00:00,14162.018
2018-06-25 03:00:00,9853.412
2018-06-25 06:00:00,9727.363
2018-06-25 09:00:00,12517.532
2018-06-25 12:00:00,13378.091
2018-06-25 15:00:00,14274.871
2018-06-25 18:00:00,13592.644
2018-06-25 21:00:00,12918.032
2018-06-26 00:00:00,14434.515
2018-06-26 03:00:00,11045.374
2018-06-26 06:00:00,9449.437
2018-06-26 09:00:00,12504.92
2018-06-26 12:00:00,12961.089
2018-06-26 15:00:00,13855.135
2018-06-26 18:00:00,12938.068
2018-06-26 21:00:00,12687.874
2018-06-27 00:00:00,13862.126
2018-06-27 03:00:00,10144.257
2018-06-27 06:00:00,9343.041
2018-06-27 09:00:00,11459.586
2018-06-27 12:00:00,12648.778
2018-06-27 15:00:00,12643.1875
2018-06-27 18:00:00,11651.151
2018-06-27 21:00:00,11483.196
2018-06-28 00:00:00,12729.876
2018-06-28 03:00:00,10850.91
2018-06-28 06:00:00,8754.794
2018-06-28 09:00:00,12162.001
2018-06-28 12:00:00,13252.155
2018-06-28 15:00:00,12518.214
2018-06-28 18:00:00,11404.115
2018-06-28 21:00:00,11769.278
2018-06-29 00:00:00,13146.935
2018-06-29 03:00:00,10850.8125
2018-06-29 06:00:00,9741.623
2018-06-29 09:00:00,11510.454
2018-06-29 12:00:00,12353.289
2018-06-29 15:00:00,11463.499
2018-06-29 18:00:00,10995.276
2018-06-29 21:00:00,11415.318
2018-06-30 00:00:00,12197.503
2018-06-30 03:00:00,10045.497
2018-06-30 06:00:00,8849.872
2018-06-30 09:00:00,10430.487
2018-06-30 12:00:00,10849.87
2018-06-30 15:00:00,10936.025
2018-06-30 18:00:00,10947.57
2018-06-30 21:00:00,11496.457
2018-07-01 00:00:00,12024.447
2018-07-01 03:00:00,6042.4404
2018-07-01 06:00:00,5123.072
2018-07-01 09:00:00,9690.941
2018-07-01 12:00:00,10548.93
2018-07-01 15:00:00,10257.868
2018-07-01 18:00:00,9232.048
2018-07-01 21:00:00,11000.554
2018-07-02 00:00:00,11635.254
2018-07-02 03:00:00,6463.885
2018-07-02 06:00:00,4752.6777
2018-07-02 09:00:00,7848.9126
2018-07-02 12:00:00,10177.515
2018-07-02 15:00:00,8909.095
2018-07-02 18:00:00,9440.785
2018-07-02 21:00:00,11571.15
2018-07-03 00:00:00,9750.185
2018-07-03 03:00:00,5099.248
2018-07-03 06:00:00,3347.4453
2018-07-03 09:00:00,6997.08
2018-07-03 12:00:00,7874.3857
2018-07-03 15:00:00,8310.829
2018-07-03 18:00:00,7824.7856
2018-07-03 21:00:00,8391.282
2018-07-04 00:00:00,8689.521
2018-07-04 03:00:00,5578.806
2018-07-04 06:00:00,3931.2678
2018-07-04 09:00:00,6413.875
2018-07-04 12:00:00,7084.041
2018-07-04 15:00:00,6585.206
2018-07-04 18:00:00,5360.7236
2018-07-04 21:00:00,5999.905
2018-07-05 00:00:00,9363.494
2018-07-05 03:00:00,6090.438
2018-07-05 06:00:00,5167.8066
2018-07-05 09:00:00,7945.6724
2018-07-05 12:00:00,8481.277
2018-07-05 15:00:00,8527.602
2018-07-05 18:00:00,7988.203
2018-07-05 21:00:00,8497.905
2018-07-06 00:00:00,11472.804
2018-07-06 03:00:00,10474.532
2018-07-06 06:00:00,9155.593
2018-07-06 09:00:00,11920.316
2018-07-06 12:00:00,12926.246
2018-07-06 15:00:00,13134.094
2018-07-06 18:00:00,12649.081
2018-07-06 21:00:00,12905.442
2018-07-07 00:00:00,14178.977
2018-07-07 03:00:00,11317.621
2018-07-07 06:00:00,9448.269
2018-07-07 09:00:00,13063.628
2018-07-07 12:00:00,14494.25
2018-07-07 15:00:00,14500.594
2018-07-07 18:00:00,13645.503
2018-07-07 21:00:00,14115.281
2018-07-08 00:00:00,14645.655
2018-07-08 03:00:00,10730.937
2018-07-08 06:00:00,9485.053
2018-07-08 09:00:00,12631.666
2018-07-08 12:00:00,14181.906
2018-07-08 15:00:00,14350.505
2018-07-08 18:00:00,13848.201
2018-07-08 21:00:00,13563.395
2018-07-09 00:00:00,14377.369
2018-07-09 03:00:00,10577.907
2018-07-09 06:00:00,10035.961
2018-07-09 09:00:00,12168.928
2018-07-09 12:00:00,14519.339
2018-07-09 15:00:00,14891.884
2018-07-09 18:00:00,14640.827
2018-07-09 21:00:00,13960.329
2018-07-10 00:00:00,14522.494
2018-07-10 03:00:00,10897.919
2018-07-10 06:00:00,9788.035
2018-07-10 09:00:00,12984.168
2018-07-10 12:00:00,14938.674
2018-07-10 15:00:00,15110.692
2018-07-10 18:00:00,15039.04
2018-07-10 21:00:00,14290.384
2018-07-11 00:00:00,14995.505
2018-07-11 03:00:00,11489.275
2018-07-11 06:00:00,9982.437
2018-07-11 09:00:00,13201.566
2018-07-11 12:00:00,14361.898
2018-07-11 15:00:00,14509.25
2018-07-11 18:00:00,13684.345
2018-07-11 21:00:00,14071.249
2018-07-12 00:00:00,14798.14
2018-07-12 03:00:00,10916.941
2018-07-12 06:00:00,8962.629
2018-07-12 09:00:00,13646.199
2018-07-12 12:00:00,15889.845
2018-07-12 15:00:00,16139.495
2018-07-12 18:00:00,14514.361
2018-07-12 21:00:00,15175.83
2018-07-13 00:00:00,15491.782
2018-07-13 03:00:00,11296.134
2018-07-13 06:00:00,10317.042
2018-07-13 09:00:00,12341.125
2018-07-13 12:00:00,13650.388
2018-07-13 15:00:00,14206.711
2018-07-13 18:00:00,14059.388
2018-07-13 21:00:00,14133.582
2018-07-14 00:00:00,14810.018
2018-07-14 03:00:00,11382.549
2018-07-14 06:00:00,10185.214
2018-07-14 09:00:00,13333.598
2018-07-14 12:00:00,14234.604
2018-07-14 15:00:00,14533.31
2018-07-14 18:00:00,13878.478
2018-07-14 21:00:00,13214.247
2018-07-15 00:00:00,14045.622
2018-07-15 03:00:00,11110.134
2018-07-15 06:00:00,10086.914
2018-07-15 09:00:00,12571.81
2018-07-15 12:00:00,11273.349
2018-07-15 15:00:00,12992.876
2018-07-15 18:00:00,11408.562
2018-07-15 21:00:00,12030.4
2018-07-16 00:00:00,13595.495
2018-07-16 03:00:00,6619.197
2018-07-16 06:00:00,5196.8843
2018-07-16 09:00:00,8856.865
2018-07-16 12:00:00,10958.227
2018-07-16 15:00:00,11822.741
2018-07-16 18:00:00,11869.669
2018-07-16 21:00:00,12855.549
2018-07-17 00:00:00,12194.997
2018-07-17 03:00:00,10097.395
2018-07-17 06:00:00,9329.923
2018-07-17 09:00:00,12765.769
2018-07-17 12:00:00,14302.51
2018-07-17 15:00:00,14155.21
2018-07-17 18:00:00,14321.646
2018-07-17 21:00:00,13806.781
2018-07-18 00:00:00,15288.697
2018-07-18 03:00:00,11540.557
2018-07-18 06:00:00,9836.907
2018-07-18 09:00:00,12177.7
2018-07-18 12:00:00,13956.222
2018-07-18 15:00:00,14053.52
2018-07-18 18:00:00,13351.692
2018-07-18 21:00:00,13471.934
2018-07-19 00:00:00,15063.449
2018-07-19 03:00:00,10766.847
2018-07-19 06:00:00,10286.27
2018-07-19 09:00:00,13434.191
2018-07-19 12:00:00,14019.41
2018-07-19 15:00:00,14890.13
2018-07-19 18:00:00,14081.207
2018-07-19 21:00:00,13246.579
2018-07-20 00:00:00,13238.12
2018-07-20 03:00:00,11375.492
2018-07-20 06:00:00,9813.144
2018-07-20 09:00:00,13251.508
2018-07-20 12:00:00,13623.664
2018-07-20 15:00:00,14196.666
2018-07-20 18:00:00,12978.803
2018-07-20 21:00:00,12688.057
2018-07-21 00:00:00,13354.957
2018-07-21 03:00:00,11954.352
2018-07-21 06:00:00,8635.405
2018-07-21 09:00:00,12218.454
2018-07-21 12:00:00,13353.08
2018-07-21 15:00:00,13577.321
2018-07-21 18:00:00,13131.12
2018-07-21 21:00:00,13208.946
2018-07-22 00:00:00,13508.622
2018-07-22 03:00:00,11204.921
2018-07-22 06:00:00,10066.525
2018-07-22 09:00:00,13083.262
2018-07-22 12:00:00,13027.693
2018-07-22 15:00:00,13457.551
2018-07-22 18:00:00,13343.067
2018-07-22 21:00:00,13677.192
2018-07-23 00:00:00,14602.115
2018-07-23 03:00:00,11066.151
2018-07-23 06:00:00,10363.562
2018-07-23 09:00:00,13368.591
2018-07-23 12:00:00,14337.201
2018-07-23 15:00:00,15289.895
2018-07-23 18:00:00,14898.29
2018-07-23 21:00:00,13732.711
2018-07-24 00:00:00,14326.215
2018-07-24 03:00:00,11135.418
2018-07-24 06:00:00,10280.057
2018-07-24 09:00:00,12382.12
2018-07-24 12:00:00,14633.13
2018-07-24 15:00:00,14670.619
2018-07-24 18:00:00,14213.468
2018-07-24 21:00:00,13438.798
2018-07-25 00:00:00,14410.888
2018-07-25 03:00:00,11123.543
2018-07-25 06:00:00,10328.352
2018-07-25 09:00:00,13366.96
2018-07-25 12:00:00,14778.867
2018-07-25 15:00:00,15334.508
2018-07-25 18:00:00,14587.992
2018-07-25 21:00:00,13585.509
2018-07-26 00:00:00,14651.491
2018-07-26 03:00:00,11087.044
2018-07-26 06:00:00,10492.836
2018-07-26 09:00:00,13065.688
2018-07-26 12:00:00,14527.678
2018-07-26 15:00:00,15358.036
2018-07-26 18:00:00,14234.951
2018-07-26 21:00:00,13224.985
2018-07-27 00:00:00,13013.268
2018-07-27 03:00:00,10793.182
2018-07-27 06:00:00,9933.199
2018-07-27 09:00:00,13189.9375
2018-07-27 12:00:00,14413.447
2018-07-27 15:00:00,14863.074
2018-07-27 18:00:00,13545.05
2018-07-27 21:00:00,13014.633
2018-07-28 00:00:00,13623.049
2018-07-28 03:00:00,11619.224
2018-07-28 06:00:00,10247.645
2018-07-28 09:00:00,13376.058
2018-07-28 12:00:00,14491.617
2018-07-28 15:00:00,14534.269
2018-07-28 18:00:00,13103.195
2018-07-28 21:00:00,13568.966
2018-07-29 00:00:00,14453.914
2018-07-29 03:00:00,10557.276
2018-07-29 06:00:00,10350.957
2018-07-29 09:00:00,12030.785
2018-07-29 12:00:00,13751.336
2018-07-29 15:00:00,14375.969
2018-07-29 18:00:00,14247.394
2018-07-29 21:00:00,13351.64
2018-07-30 00:00:00,14847.115
2018-07-30 03:00:00,11622.316
2018-07-30 06:00:00,10335.618
2018-07-30 09:00:00,13588.544
2018-07-30 12:00:00,15017.688
2018-07-30 15:00:00,15325.722
2018-07-30 18:00:00,14685.341
2018-07-30 21:00:00,13608.435
2018-07-31 00:00:00,14546.381
2018-07-31 03:00:00,11312.589
2018-07-31 06:00:00,10061.043
2018-07-31 09:00:00,13052.24
2018-07-31 12:00:00,14647.646
2018-07-31 15:00:00,15541.715
2018-07-31 18:00:00,15455.825
2018-07-31 21:00:00,13323.475
2018-08-01 00:00:00,9949.687
2018-08-01 03:00:00,4410.181
2018-08-01 06:00:00,4182.3193
2018-08-01 09:00:00,7004.5957
2018-08-01 12:00:00,10226.666
2018-08-01 15:00:00,10135.128
2018-08-01 18:00:00,9572.1
2018-08-01 21:00:00,9914.372
2018-08-02 00:00:00,9549.742
2018-08-02 03:00:00,5472.9795
2018-08-02 06:00:00,4117.356
2018-08-02 09:00:00,8398.913
2018-08-02 12:00:00,9765.135
2018-08-02 15:00:00,9528.284
2018-08-02 18:00:00,8847.595
2018-08-02 21:00:00,10516.704
2018-08-03 00:00:00,9378.249
2018-08-03 03:00:00,4110.0186
2018-08-03 06:00:00,2974.2646
2018-08-03 09:00:00,6653.8066
2018-08-03 12:00:00,7512.774
2018-08-03 15:00:00,7114.498
2018-08-03 18:00:00,7126.8994
2018-08-03 21:00:00,7863.737
2018-08-04 00:00:00,8904.182
2018-08-04 03:00:00,4055.961
2018-08-04 06:00:00,1941.8087
2018-08-04 09:00:00,5818.6167
2018-08-04 12:00:00,6527.1655
2018-08-04 15:00:00,6285.7314
2018-08-04 18:00:00,5377.616
2018-08-04 21:00:00,6309.784
2018-08-05 00:00:00,8385.645
2018-08-05 03:00:00,5594.297
2018-08-05 06:00:00,4440.4067
2018-08-05 09:00:00,7833.7725
2018-08-05 12:00:00,9249.295
2018-08-05 15:00:00,8444.807
2018-08-05 18:00:00,8279.737
2018-08-05 21:00:00,9341.547
2018-08-06 00:00:00,12691.901
2018-08-06 03:00:00,10539.112
2018-08-06 06:00:00,9266.955
2018-08-06 09:00:00,11987.046
2018-08-06 12:00:00,12913.117
2018-08-06 15:00:00,13128.485
2018-08-06 18:00:00,12414.273
2018-08-06 21:00:00,12836.425
2018-08-07 00:00:00,13133.269
2018-08-07 03:00:00,10212.943
2018-08-07 06:00:00,9519.669
2018-08-07 09:00:00,12499.835
2018-08-07 12:00:00,14515.572
2018-08-07 15:00:00,13726.954
2018-08-07 18:00:00,14593.447
2018-08-07 21:00:00,14067.388
2018-08-08 00:00:00,14367.791
2018-08-08 03:00:00,10527.925
2018-08-08 06:00:00,9697.613
2018-08-08 09:00:00,12638.384
2018-08-08 12:00:00,14171.246
2018-08-08 15:00:00,14292.577
2018-08-08 18:00:00,12337.687
2018-08-08 21:00:00,12780.764
2018-08-09 00:00:00,14402.246
2018-08-09 03:00:00,10256.782
2018-08-09 06:00:00,9247.11
2018-08-09 09:00:00,13068.182
2018-08-09 12:00:00,14769.131
2018-08-09 15:00:00,14609.6875
2018-08-09 18:00:00,13805.289
2018-08-09 21:00:00,12745.21
2018-08-10 00:00:00,12795.262
2018-08-10 03:00:00,9556.988
2018-08-10 06:00:00,8915.978
2018-08-10 09:00:00,11509.669
2018-08-10 12:00:00,12950.051
2018-08-10 15:00:00,12977.815
2018-08-10 18:00:00,12492.131
2018-08-10 21:00:00,12695.81
2018-08-11 00:00:00,13529.735
2018-08-11 03:00:00,10075.291
2018-08-11 06:00:00,9395.617
2018-08-11 09:00:00,12343.481
2018-08-11 12:00:00,14051.549
2018-08-11 15:00:00,14969.432
2018-08-11 18:00:00,14423.338
2018-08-11 21:00:00,14106.862
2018-08-12 00:00:00,14932.77
2018-08-12 03:00:00,11420.724
2018-08-12 06:00:00,9808.44
2018-08-12 09:00:00,13041.015
2018-08-12 12:00:00,15430.192
2018-08-12 15:00:00,15258.874
2018-08-12 18:00:00,14529.978
2018-08-12 21:00:00,14977.638
2018-08-13 00:00:00,12450.709
2018-08-13 03:00:00,9312.521
2018-08-13 06:00:00,8658.601
2018-08-13 09:00:00,12995.027
2018-08-13 12:00:00,13645.869
2018-08-13 15:00:00,14034.764
2018-08-13 18:00:00,14004.053
2018-08-13 21:00:00,13381.115
2018-08-14 00:00:00,14523.84
2018-08-14 03:00:00,10824.727
2018-08-14 06:00:00,9455.535
2018-08-14 09:00:00,12103.522
2018-08-14 12:00:00,12543.55
2018-08-14 15:00:00,12924.57
2018-08-14 18:00:00,12699.143
2018-08-14 21:00:00,12484.327
2018-08-15 00:00:00,13632.071
2018-08-15 03:00:00,9946.15
2018-08-15 06:00:00,9500.106
2018-08-15 09:00:00,12792.611
2018-08-15 12:00:00,13768.696
2018-08-15 15:00:00,14231.704
2018-08-15 18:00:00,14340.994
2018-08-15 21:00:00,13830.76
2018-08-16 00:00:00,14599.122
2018-08-16 03:00:00,11276.591
2018-08-16 06:00:00,9675.46
2018-08-16 09:00:00,13250.903
2018-08-16 12:00:00,13344.102
2018-08-16 15:00:00,13287.93
2018-08-16 18:00:00,13128.135
2018-08-16 21:00:00,12185.152
2018-08-17 00:00:00,13966.972
2018-08-17 03:00:00,10209.493
2018-08-17 06:00:00,8421.8
2018-08-17 09:00:00,11322.855
2018-08-17 12:00:00,11514.394
2018-08-17 15:00:00,12310.729
2018-08-17 18:00:00,11611.08
2018-08-17 21:00:00,11234.014
2018-08-18 00:00:00,12717.861
2018-08-18 03:00:00,8186.721
2018-08-18 06:00:00,8121.48
2018-08-18 09:00:00,10950.173
2018-08-18 12:00:00,12132.977
2018-08-18 15:00:00,12404.93
2018-08-18 18:00:00,12253.571
2018-08-18 21:00:00,12844.544
2018-08-19 00:00:00,13082.849
2018-08-19 03:00:00,9962.348
2018-08-19 06:00:00,9486.852
2018-08-19 09:00:00,11276.539
2018-08-19 12:00:00,11869.872
2018-08-19 15:00:00,12316.959
2018-08-19 18:00:00,11402.093
2018-08-19 21:00:00,12074.178
2018-08-20 00:00:00,13020.468
2018-08-20 03:00:00,10018.475
2018-08-20 06:00:00,9194.832
2018-08-20 09:00:00,12209.178
2018-08-20 12:00:00,12890.6875
2018-08-20 15:00:00,13564.294
2018-08-20 18:00:00,13285.865
2018-08-20 21:00:00,13174.624
2018-08-21 00:00:00,12002.719
2018-08-21 03:00:00,10796.051
2018-08-21 06:00:00,8976.121
2018-08-21 09:00:00,11712.265
2018-08-21 12:00:00,14122.39
2018-08-21 15:00:00,14589.548
2018-08-21 18:00:00,13756.268
2018-08-21 21:00:00,13370.909
2018-08-22 00:00:00,13681.105
2018-08-22 03:00:00,11118.111
2018-08-22 06:00:00,9908.886
2018-08-22 09:00:00,13227.286
2018-08-22 12:00:00,13431.929
2018-08-22 15:00:00,14503.551
2018-08-22 18:00:00,13622.591
2018-08-22 21:00:00,13302.11
2018-08-23 00:00:00,13747.088
2018-08-23 03:00:00,10611.924
2018-08-23 06:00:00,10641.611
2018-08-23 09:00:00,13329.42
2018-08-23 12:00:00,14039.496
2018-08-23 15:00:00,14434.4375
2018-08-23 18:00:00,13585.107
2018-08-23 21:00:00,12651.4
2018-08-24 00:00:00,11229.349
2018-08-24 03:00:00,10021.989
2018-08-24 06:00:00,9696.421
2018-08-24 09:00:00,12127.275
2018-08-24 12:00:00,12734.341
2018-08-24 15:00:00,13684.354
2018-08-24 18:00:00,13006.559
2018-08-24 21:00:00,12651.372
2018-08-25 00:00:00,13891.544
2018-08-25 03:00:00,10915.003
2018-08-25 06:00:00,8533.517
2018-08-25 09:00:00,12771.624
2018-08-25 12:00:00,13795.128
2018-08-25 15:00:00,13724.235
2018-08-25 18:00:00,13035.41
2018-08-25 21:00:00,13199.736
2018-08-26 00:00:00,13379.576
2018-08-26 03:00:00,11471.049
2018-08-26 06:00:00,9833.426
2018-08-26 09:00:00,13202.327
2018-08-26 12:00:00,14164.901
2018-08-26 15:00:00,13705.724
2018-08-26 18:00:00,13499.116
2018-08-26 21:00:00,13480.14
2018-08-27 00:00:00,14044.562
2018-08-27 03:00:00,11488.393
2018-08-27 06:00:00,10763.854
2018-08-27 09:00:00,13337.424
2018-08-27 12:00:00,14440.813
2018-08-27 15:00:00,15906.091
2018-08-27 18:00:00,15023.8125
2018-08-27 21:00:00,13798.992
2018-08-28 00:00:00,14102.291
2018-08-28 03:00:00,9341.269
2018-08-28 06:00:00,9866.154
2018-08-28 09:00:00,12266.692
2018-08-28 12:00:00,13389.671
2018-08-28 15:00:00,13323.046
2018-08-28 18:00:00,13230.714
2018-08-28 21:00:00,12698.144
2018-08-29 00:00:00,13677.659
2018-08-29 03:00:00,9980.199
2018-08-29 06:00:00,9670.865
2018-08-29 09:00:00,12950.414
2018-08-29 12:00:00,14687.782
2018-08-29 15:00:00,14023.701
2018-08-29 18:00:00,12793.835
2018-08-29 21:00:00,12662.026
2018-08-30 00:00:00,12574.964
2018-08-30 03:00:00,9877.407
2018-08-30 06:00:00,9822.888
2018-08-30 09:00:00,12315.466
2018-08-30 12:00:00,13416.954
2018-08-30 15:00:00,14373.554
2018-08-30 18:00:00,13220.168
2018-08-30 21:00:00,12977.49
2018-08-31 00:00:00,13514.285
2018-08-31 03:00:00,10852.881
2018-08-31 06:00:00,10197.265
2018-08-31 09:00:00,12561.334
2018-08-31 12:00:00,13686.785
2018-08-31 15:00:00,13800.197
2018-08-31 18:00:00,13281.344
2018-08-31 21:00:00,13109.964
2018-09-01 00:00:00,10099.958
2018-09-01 03:00:00,4110.428
2018-09-01 06:00:00,3541.925
2018-09-01 09:00:00,6920.2905
2018-09-01 12:00:00,9017.373
2018-09-01 15:00:00,9915.279
2018-09-01 18:00:00,9974.517
2018-09-01 21:00:00,11348.78
2018-09-02 00:00:00,10420.168
2018-09-02 03:00:00,7007.4746
2018-09-02 06:00:00,4817.185
2018-09-02 09:00:00,9280.636
2018-09-02 12:00:00,10912.303
2018-09-02 15:00:00,9547.586
2018-09-02 18:00:00,9866.025
2018-09-02 21:00:00,11176.843
2018-09-03 00:00:00,10305.081
2018-09-03 03:00:00,4666.9995
2018-09-03 06:00:00,3106.9429
2018-09-03 09:00:00,6456.148
2018-09-03 12:00:00,7379.645
2018-09-03 15:00:00,7176.0693
2018-09-03 18:00:00,6882.042
2018-09-03 21:00:00,7992.0376
2018-09-04 00:00:00,8280.494
2018-09-04 03:00:00,4228.1123
2018-09-04 06:00:00,3248.6694
2018-09-04 09:00:00,6877.0337
2018-09-04 12:00:00,6382.2896
2018-09-04 15:00:00,6455.212
2018-09-04 18:00:00,6688.448
2018-09-04 21:00:00,7457.491
2018-09-05 00:00:00,8559.729
2018-09-05 03:00:00,6450.931
2018-09-05 06:00:00,5803.412
2018-09-05 09:00:00,9103.292
2018-09-05 12:00:00,9481.309
2018-09-05 15:00:00,9312.358
2018-09-05 18:00:00,8900.626
2018-09-05 21:00:00,9574.902
2018-09-06 00:00:00,12059.64
2018-09-06 03:00:00,10530.433
2018-09-06 06:00:00,9814.754
2018-09-06 09:00:00,12731.657
2018-09-06 12:00:00,13349.988
2018-09-06 15:00:00,13182.874
2018-09-06 18:00:00,12661.983
2018-09-06 21:00:00,13424.103
2018-09-07 00:00:00,14324.5
2018-09-07 03:00:00,11063.545
2018-09-07 06:00:00,9485.668
2018-09-07 09:00:00,12906.733
2018-09-07 12:00:00,14096.459
2018-09-07 15:00:00,13995.715
2018-09-07 18:00:00,13557.665
2018-09-07 21:00:00,14184.985
2018-09-08 00:00:00,14530.506
2018-09-08 03:00:00,10762.701
2018-09-08 06:00:00,9688.15
2018-09-08 09:00:00,12746.996
2018-09-08 12:00:00,13983.281
2018-09-08 15:00:00,13446.246
2018-09-08 18:00:00,13117.144
2018-09-08 21:00:00,13932.268
2018-09-09 00:00:00,14619.116
2018-09-09 03:00:00,11469.809
2018-09-09 06:00:00,10513.843
2018-09-09 09:00:00,12680.633
2018-09-09 12:00:00,13809.313
2018-09-09 15:00:00,13698.554
2018-09-09 18:00:00,13287.956
2018-09-09 21:00:00,13373.918
2018-09-10 00:00:00,13923.196
2018-09-10 03:00:00,10206.234
2018-09-10 06:00:00,9370.858
2018-09-10 09:00:00,12357.169
2018-09-10 12:00:00,12796.94
2018-09-10 15:00:00,12516.764
2018-09-10 18:00:00,12295.696
2018-09-10 21:00:00,12946.423
2018-09-11 00:00:00,13814.126
2018-09-11 03:00:00,10276.497
2018-09-11 06:00:00,9415.993
2018-09-11 09:00:00,12123.796
2018-09-11 12:00:00,13221.11
2018-09-11 15:00:00,13540.317
2018-09-11 18:00:00,13392.63
2018-09-11 21:00:00,13933.722
2018-09-12 00:00:00,14403.586
2018-09-12 03:00:00,11070.26
2018-09-12 06:00:00,9890.099
2018-09-12 09:00:00,13361.818
2018-09-12 12:00:00,14073.451
2018-09-12 15:00:00,14672.326
2018-09-12 18:00:00,14264.117
2018-09-12 21:00:00,14333.407
2018-09-13 00:00:00,14198.942
2018-09-13 03:00:00,10909.647
2018-09-13 06:00:00,9979.979
2018-09-13 09:00:00,12385.019
2018-09-13 12:00:00,12937.714
2018-09-13 15:00:00,12950.461
2018-09-13 18:00:00,12744.459
2018-09-13 21:00:00,13276.724
2018-09-14 00:00:00,14309.982
2018-09-14 03:00:00,11150.559
2018-09-14 06:00:00,10129.045
2018-09-14 09:00:00,12922.438
2018-09-14 12:00:00,13502.56
2018-09-14 15:00:00,13490.835
2018-09-14 18:00:00,12823.988
2018-09-14 21:00:00,12870.771
2018-09-15 00:00:00,13942.8
2018-09-15 03:00:00,10849.902
2018-09-15 06:00:00,10009.932
2018-09-15 09:00:00,12377.656
2018-09-15 12:00:00,13536.987
2018-09-15 15:00:00,13512.955
2018-09-15 18:00:00,13497.72
2018-09-15 21:00:00,13342.981
2018-09-16 00:00:00,14180.597
2018-09-16 03:00:00,11565.254
2018-09-16 06:00:00,10175.577
2018-09-16 09:00:00,12857.035
2018-09-16 12:00:00,12347.384
2018-09-16 15:00:00,13075.299
2018-09-16 18:00:00,12640.532
2018-09-16 21:00:00,14118.089
2018-09-17 00:00:00,14239.604
2018-09-17 03:00:00,11226.037
2018-09-17 06:00:00,10142.358
2018-09-17 09:00:00,11910.045
2018-09-17 12:00:00,13225.308
2018-09-17 15:00:00,12782.304
2018-09-17 18:00:00,12623.1875
2018-09-17 21:00:00,13697.384
2018-09-18 00:00:00,13732.62
2018-09-18 03:00:00,10119.997
2018-09-18 06:00:00,9180.015
2018-09-18 09:00:00,13238.398
2018-09-18 12:00:00,14387.412
2018-09-18 15:00:00,12903.45
2018-09-18 18:00:00,12826.34
2018-09-18 21:00:00,14392.371
2018-09-19 00:00:00,14534.926
2018-09-19 03:00:00,11513.028
2018-09-19 06:00:00,10451.097
2018-09-19 09:00:00,12967.276
2018-09-19 12:00:00,13995.256
2018-09-19 15:00:00,13101.933
2018-09-19 18:00:00,12855.014
2018-09-19 21:00:00,13844.701
2018-09-20 00:00:00,13504.571
2018-09-20 03:00:00,10492.794
2018-09-20 06:00:00,8588.952
2018-09-20 09:00:00,12847.599
2018-09-20 12:00:00,14147.086
2018-09-20 15:00:00,13555.535
2018-09-20 18:00:00,13056.16
2018-09-20 21:00:00,13672.527
2018-09-21 00:00:00,13746.238
2018-09-21 03:00:00,9789.848
2018-09-21 06:00:00,8849.151
2018-09-21 09:00:00,12276.714
2018-09-21 12:00:00,13701.099
2018-09-21 15:00:00,13924.795
2018-09-21 18:00:00,12213.272
2018-09-21 21:00:00,12763.121
2018-09-22 00:00:00,13788.676
2018-09-22 03:00:00,9648.946
2018-09-22 06:00:00,9347.98
2018-09-22 09:00:00,12449.826
2018-09-22 12:00:00,13480.093
2018-09-22 15:00:00,13790.67
2018-09-22 18:00:00,12718.825
2018-09-22 21:00:00,12449.754
2018-09-23 00:00:00,13296.85
2018-09-23 03:00:00,10533.14
2018-09-23 06:00:00,9729.725
2018-09-23 09:00:00,11889.647
2018-09-23 12:00:00,12562.213
2018-09-23 15:00:00,12333.041
2018-09-23 18:00:00,12088.018
2018-09-23 21:00:00,12098.327
2018-09-24 00:00:00,12689.463
2018-09-24 03:00:00,8933.843
2018-09-24 06:00:00,8078.045
2018-09-24 09:00:00,10302.623
2018-09-24 12:00:00,11569.59
2018-09-24 15:00:00,11507.299
2018-09-24 18:00:00,10944.742
2018-09-24 21:00:00,11573.389
2018-09-25 00:00:00,13260.26
2018-09-25 03:00:00,10157.544
2018-09-25 06:00:00,6724.062
2018-09-25 09:00:00,9665.946
2018-09-25 12:00:00,11804.0625
2018-09-25 15:00:00,10549.679
2018-09-25 18:00:00,11149.892
2018-09-25 21:00:00,11817.839
2018-09-26 00:00:00,12202.862
2018-09-26 03:00:00,10188.82
2018-09-26 06:00:00,8021.1064
2018-09-26 09:00:00,9977.84
2018-09-26 12:00:00,11903.952
2018-09-26 15:00:00,10777.656
2018-09-26 18:00:00,11657.911
2018-09-26 21:00:00,11345.396
2018-09-27 00:00:00,12693.366
2018-09-27 03:00:00,8809.937
2018-09-27 06:00:00,7738.0063
2018-09-27 09:00:00,10688.309
2018-09-27 12:00:00,11981.836
2018-09-27 15:00:00,11637.688
2018-09-27 18:00:00,11249.787
2018-09-27 21:00:00,12799.527
2018-09-28 00:00:00,13269.679
2018-09-28 03:00:00,10377.53
2018-09-28 06:00:00,8852.416
2018-09-28 09:00:00,11262.999
2018-09-28 12:00:00,12586.549
2018-09-28 15:00:00,12249.95
2018-09-28 18:00:00,11568.89
2018-09-28 21:00:00,12696.987
2018-09-29 00:00:00,13065.122
2018-09-29 03:00:00,10767.945
2018-09-29 06:00:00,9350.215
2018-09-29 09:00:00,12414.8125
2018-09-29 12:00:00,13540.869
2018-09-29 15:00:00,13004.105
2018-09-29 18:00:00,12721.025
2018-09-29 21:00:00,14137.036
2018-09-30 00:00:00,14229.664
2018-09-30 03:00:00,10205.185
2018-09-30 06:00:00,9674.49
2018-09-30 09:00:00,12440.669
2018-09-30 12:00:00,13086.099
2018-09-30 15:00:00,12839.611
2018-09-30 18:00:00,12073.231
2018-09-30 21:00:00,12000.554
2018-10-01 00:00:00,10234.994
2018-10-01 03:00:00,5234.994
2018-10-01 06:00:00,4500.731
2018-10-01 09:00:00,7637.82
2018-10-01 12:00:00,9620.291
2018-10-01 15:00:00,8245.294
2018-10-01 18:00:00,7785.351
2018-10-01 21:00:00,11173.412
2018-10-02 00:00:00,8925.059
2018-10-02 03:00:00,5722.469
2018-10-02 06:00:00,3758.288
2018-10-02 09:00:00,8116.7383
2018-10-02 12:00:00,9843.602
2018-10-02 15:00:00,7322.304
2018-10-02 18:00:00,7096.733
2018-10-02 21:00:00,10729.912
2018-10-03 00:00:00,10482.765
2018-10-03 03:00:00,5941.237
2018-10-03 06:00:00,4491.089
2018-10-03 09:00:00,7960.381
2018-10-03 12:00:00,6679.464
2018-10-03 15:00:00,5228.9824
2018-10-03 18:00:00,5245.065
2018-10-03 21:00:00,8105.9307
2018-10-04 00:00:00,8771.85
2018-10-04 03:00:00,4917.9087
2018-10-04 06:00:00,2924.107
2018-10-04 09:00:00,7201.6235
2018-10-04 12:00:00,7874.2837
2018-10-04 15:00:00,7372.959
2018-10-04 18:00:00,7448.875
2018-10-04 21:00:00,8066.929
2018-10-05 00:00:00,9841.492
2018-10-05 03:00:00,7002.544
2018-10-05 06:00:00,5474.808
2018-10-05 09:00:00,9526.379
2018-10-05 12:00:00,10248.765
2018-10-05 15:00:00,8895.422
2018-10-05 18:00:00,8602.733
2018-10-05 21:00:00,9208.083
2018-10-06 00:00:00,11911.276
2018-10-06 03:00:00,9925.309
2018-10-06 06:00:00,8889.238
2018-10-06 09:00:00,12024.883
2018-10-06 12:00:00,13363.125
2018-10-06 15:00:00,12813.604
2018-10-06 18:00:00,12438.607
2018-10-06 21:00:00,13280.155
2018-10-07 00:00:00,13631.112
2018-10-07 03:00:00,10417.138
2018-10-07 06:00:00,9325.313
2018-10-07 09:00:00,12625.046
2018-10-07 12:00:00,13887.193
2018-10-07 15:00:00,13968.92
2018-10-07 18:00:00,12822.762
2018-10-07 21:00:00,12883.637
2018-10-08 00:00:00,11971.841
2018-10-08 03:00:00,10184.545
2018-10-08 06:00:00,8743.025
2018-10-08 09:00:00,12354.6
2018-10-08 12:00:00,13833.299
2018-10-08 15:00:00,14033.987
2018-10-08 18:00:00,13417.765
2018-10-08 21:00:00,13932.079
2018-10-09 00:00:00,14582.374
2018-10-09 03:00:00,10892.575
2018-10-09 06:00:00,9622.807
2018-10-09 09:00:00,12620.55
2018-10-09 12:00:00,14452.218
2018-10-09 15:00:00,14101.188
2018-10-09 18:00:00,13462.272
2018-10-09 21:00:00,14107.072
2018-10-10 00:00:00,14428.139
2018-10-10 03:00:00,10395.95
2018-10-10 06:00:00,9557.744
2018-10-10 09:00:00,12509.144
2018-10-10 12:00:00,13845.262
2018-10-10 15:00:00,13681.403
2018-10-10 18:00:00,13122.713
2018-10-10 21:00:00,13897.77
2018-10-11 00:00:00,14149.98
2018-10-11 03:00:00,10364.176
2018-10-11 06:00:00,9055.393
2018-10-11 09:00:00,11942.793
2018-10-11 12:00:00,13865.44
2018-10-11 15:00:00,13537.278
2018-10-11 18:00:00,13391.781
2018-10-11 21:00:00,14030.897
2018-10-12 00:00:00,14497.124
2018-10-12 03:00:00,10399.953
2018-10-12 06:00:00,9253.586
2018-10-12 09:00:00,12997.095
2018-10-12 12:00:00,15137.356
2018-10-12 15:00:00,15174.536
2018-10-12 18:00:00,14914.662
2018-10-12 21:00:00,15611.21
2018-10-13 00:00:00,15286.679
2018-10-13 03:00:00,10668.098
2018-10-13 06:00:00,9145.021
2018-10-13 09:00:00,12702.652
2018-10-13 12:00:00,13732.518
2018-10-13 15:00:00,12746.108
2018-10-13 18:00:00,12634.018
2018-10-13 21:00:00,13088.331
2018-10-14 00:00:00,13283.14
2018-10-14 03:00:00,4896.6357
2018-10-14 06:00:00,7535.7393
2018-10-14 09:00:00,7856.3945
2018-10-14 12:00:00,10760.871
2018-10-14 15:00:00,10392.286
2018-10-14 18:00:00,8832.834
2018-10-14 21:00:00,11674.385
2018-10-15 00:00:00,11900.065
2018-10-15 03:00:00,8245.46
2018-10-15 06:00:00,7720.085
2018-10-15 09:00:00,10470.077
2018-10-15 12:00:00,11240.402
2018-10-15 15:00:00,9442.596
2018-10-15 18:00:00,10281.131
2018-10-15 21:00:00,12033.528
2018-10-16 00:00:00,13151.804
2018-10-16 03:00:00,10406.845
2018-10-16 06:00:00,9644.765
2018-10-16 09:00:00,12766.402
2018-10-16 12:00:00,14697.798
2018-10-16 15:00:00,13659.466
2018-10-16 18:00:00,13728.786
2018-10-16 21:00:00,14323.115
2018-10-17 00:00:00,14519.412
2018-10-17 03:00:00,10701.247
2018-10-17 06:00:00,9337.14
2018-10-17 09:00:00,12483.374
2018-10-17 12:00:00,14450.156
2018-10-17 15:00:00,13518.192
2018-10-17 18:00:00,12516.639
2018-10-17 21:00:00,13871.155
2018-10-18 00:00:00,13639.6875
2018-10-18 03:00:00,10207.355
2018-10-18 06:00:00,8433.938
2018-10-18 09:00:00,11796.515
2018-10-18 12:00:00,13176.964
2018-10-18 15:00:00,13150.651
2018-10-18 18:00:00,11876.324
2018-10-18 21:00:00,12385.115
2018-10-19 00:00:00,12013.668
2018-10-19 03:00:00,6905.2
2018-10-19 06:00:00,7439.955
2018-10-19 09:00:00,9784.926
2018-10-19 12:00:00,12148.387
2018-10-19 15:00:00,12219.291
2018-10-19 18:00:00,12062.513
2018-10-19 21:00:00,13280.224
2018-10-20 00:00:00,12909.162
2018-10-20 03:00:00,10329.163
2018-10-20 06:00:00,7333.1987
2018-10-20 09:00:00,11721.229
2018-10-20 12:00:00,12714.903
2018-10-20 15:00:00,12417.1875
2018-10-20 18:00:00,11924.706
2018-10-20 21:00:00,12868.598
2018-10-21 00:00:00,13629.733
2018-10-21 03:00:00,9288.928
2018-10-21 06:00:00,8311.614
2018-10-21 09:00:00,9529.074
2018-10-21 12:00:00,12632.326
2018-10-21 15:00:00,12100.289
2018-10-21 18:00:00,11474.258
2018-10-21 21:00:00,13094.555
2018-10-22 00:00:00,13395.17
2018-10-22 03:00:00,9623.419
2018-10-22 06:00:00,8044.802
2018-10-22 09:00:00,10798.171
2018-10-22 12:00:00,11606.957
2018-10-22 15:00:00,11168.633
2018-10-22 18:00:00,11629.005
2018-10-22 21:00:00,12477.121
2018-10-23 00:00:00,13623.736
2018-10-23 03:00:00,10029.666
2018-10-23 06:00:00,9310.555
2018-10-23 09:00:00,12231.68
2018-10-23 12:00:00,13530.445
2018-10-23 15:00:00,12511.175
2018-10-23 18:00:00,12169.054
2018-10-23 21:00:00,13283.437
2018-10-24 00:00:00,13584.5625
2018-10-24 03:00:00,9937.043
2018-10-24 06:00:00,7987.3354
2018-10-24 09:00:00,11503.2
2018-10-24 12:00:00,12081.543
2018-10-24 15:00:00,10040.704
2018-10-24 18:00:00,11237.192
2018-10-24 21:00:00,12844.742
2018-10-25 00:00:00,13383.85
2018-10-25 03:00:00,9851.728
2018-10-25 06:00:00,8304.583
2018-10-25 09:00:00,11739.048
2018-10-25 12:00:00,13840.009
2018-10-25 15:00:00,13051.619
2018-10-25 18:00:00,12771.318
2018-10-25 21:00:00,13860.479
2018-10-26 00:00:00,13773.932
2018-10-26 03:00:00,10519.506
2018-10-26 06:00:00,9019.101
2018-10-26 09:00:00,12851.616
2018-10-26 12:00:00,14706.745
2018-10-26 15:00:00,11731.844
2018-10-26 18:00:00,13137.229
2018-10-26 21:00:00,13199.731
2018-10-27 00:00:00,14181.403
2018-10-27 03:00:00,9530.644
2018-10-27 06:00:00,9422.637
2018-10-27 09:00:00,12070.606
2018-10-27 12:00:00,13199.03
2018-10-27 15:00:00,14607.398
2018-10-27 18:00:00,13902.652
2018-10-27 21:00:00,12970.291
2018-10-28 00:00:00,13474.211
2018-10-28 03:00:00,9463.248
2018-10-28 06:00:00,7833.1895
2018-10-28 09:00:00,11854.655
2018-10-28 12:00:00,13514.728
2018-10-28 15:00:00,10614.449
2018-10-28 18:00:00,11026.599
2018-10-28 21:00:00,13236.67
2018-10-29 00:00:00,13598.606
2018-10-29 03:00:00,8223.685
2018-10-29 06:00:00,2377.483
2018-10-29 09:00:00,3985.1575
2018-10-29 12:00:00,7901.4756
2018-10-29 15:00:00,5936.1055
2018-10-29 18:00:00,6390.422
2018-10-29 21:00:00,8267.83
2018-10-30 00:00:00,8861.367
2018-10-30 03:00:00,2991.3162
2018-10-30 06:00:00,2177.3606
2018-10-30 09:00:00,7040.97
2018-10-30 12:00:00,11853.315
2018-10-30 15:00:00,13342.155
2018-10-30 18:00:00,11512.129
2018-10-30 21:00:00,13162.543
2018-10-31 00:00:00,14664.648
2018-10-31 03:00:00,9553.193
2018-10-31 06:00:00,5269.5576
2018-10-31 09:00:00,10387.235
2018-10-31 12:00:00,10287.256
2018-10-31 15:00:00,10067.1045
2018-10-31 18:00:00,10284.184
2018-10-31 21:00:00,14441.982
2018-11-01 00:00:00,11051.355
2018-11-01 03:00:00,6005.4346
2018-11-01 06:00:00,5487.629
2018-11-01 09:00:00,8744.272
2018-11-01 12:00:00,11381.188
2018-11-01 15:00:00,11237.722
2018-11-01 18:00:00,11621.35
2018-11-01 21:00:00,13004.807
2018-11-02 00:00:00,11921.055
2018-11-02 03:00:00,6019.648
2018-11-02 06:00:00,5049.103
2018-11-02 09:00:00,8669.917
2018-11-02 12:00:00,11049.876
2018-11-02 15:00:00,10087.903
2018-11-02 18:00:00,10160.378
2018-11-02 21:00:00,12134.737
2018-11-03 00:00:00,11094.175
2018-11-03 03:00:00,5096.412
2018-11-03 06:00:00,4329.891
2018-11-03 09:00:00,7039.034
2018-11-03 12:00:00,8756.999
2018-11-03 15:00:00,8623.522
2018-11-03 18:00:00,7971.9316
2018-11-03 21:00:00,8788.045
2018-11-04 00:00:00,8912.74
2018-11-04 03:00:00,5481.8613
2018-11-04 06:00:00,3851.9944
2018-11-04 09:00:00,6027.8213
2018-11-04 12:00:00,5494.767
2018-11-04 15:00:00,3485.1116
2018-11-04 18:00:00,3418.868
2018-11-04 21:00:00,4960.2734
2018-11-05 00:00:00,7053.655
2018-11-05 03:00:00,3837.2769
2018-11-05 06:00:00,3037.652
2018-11-05 09:00:00,5868.2314
2018-11-05 12:00:00,7554.8438
2018-11-05 15:00:00,7625.9985
2018-11-05 18:00:00,6884.767
2018-11-05 21:00:00,6664.7896
2018-11-06 00:00:00,10705.066
2018-11-06 03:00:00,8757.91
2018-11-06 06:00:00,7846.2744
2018-11-06 09:00:00,10374.332
2018-11-06 12:00:00,12142.121
2018-11-06 15:00:00,11732.91
2018-11-06 18:00:00,11608.525
2018-11-06 21:00:00,12213.041
2018-11-07 00:00:00,13058.843
2018-11-07 03:00:00,9163.946
2018-11-07 06:00:00,8243.482
2018-11-07 09:00:00,10981.765
2018-11-07 12:00:00,13422.211
2018-11-07 15:00:00,13480.102
2018-11-07 18:00:00,13489.508
2018-11-07 21:00:00,14238.062
2018-11-08 00:00:00,14196.941
2018-11-08 03:00:00,10776.222
2018-11-08 06:00:00,9378.676
2018-11-08 09:00:00,11993.309
2018-11-08 12:00:00,13899.928
2018-11-08 15:00:00,13386.379
2018-11-08 18:00:00,12719.026
2018-11-08 21:00:00,13241.17
2018-11-09 00:00:00,13945.56
2018-11-09 03:00:00,9669.487
2018-11-09 06:00:00,9161.399
2018-11-09 09:00:00,12286.397
2018-11-09 12:00:00,13522.15
2018-11-09 15:00:00,13220.11
2018-11-09 18:00:00,12684.544
2018-11-09 21:00:00,13322.975
2018-11-10 00:00:00,13074.117
2018-11-10 03:00:00,9253.251
2018-11-10 06:00:00,8416.329
2018-11-10 09:00:00,11309.254
2018-11-10 12:00:00,13486.901
2018-11-10 15:00:00,12500.375
2018-11-10 18:00:00,12969.789
2018-11-10 21:00:00,13338.24
2018-11-11 00:00:00,13624.429
2018-11-11 03:00:00,9673.038
2018-11-11 06:00:00,8124.2773
2018-11-11 09:00:00,11660.508
2018-11-11 12:00:00,13939.037
2018-11-11 15:00:00,13752.054
2018-11-11 18:00:00,13877.171
2018-11-11 21:00:00,14121.322
2018-11-12 00:00:00,15891.081
2018-11-12 03:00:00,10744.731
2018-11-12 06:00:00,9965.15
2018-11-12 09:00:00,13547.165
2018-11-12 12:00:00,17223.3
2018-11-12 15:00:00,15853.631
2018-11-12 18:00:00,16678.89
2018-11-12 21:00:00,17348.707
2018-11-13 00:00:00,17002.242
2018-11-13 03:00:00,12194.858
2018-11-13 06:00:00,10426.187
2018-11-13 09:00:00,12960.608
2018-11-13 12:00:00,14554.196
2018-11-13 15:00:00,14722.134
2018-11-13 18:00:00,14925.37
2018-11-13 21:00:00,15690.679
2018-11-14 00:00:00,14209.75
2018-11-14 03:00:00,12112.662
2018-11-14 06:00:00,8938.941
2018-11-14 09:00:00,13575.171
2018-11-14 12:00:00,14221.499
2018-11-14 15:00:00,14135.25
2018-11-14 18:00:00,15451.949
2018-11-14 21:00:00,15544.994
2018-11-15 00:00:00,15729.895
2018-11-15 03:00:00,11591.445
2018-11-15 06:00:00,8797.2295
2018-11-15 09:00:00,13698.785
2018-11-15 12:00:00,14135.25
2018-11-15 15:00:00,14437.205
2018-11-15 18:00:00,15900.412
2018-11-15 21:00:00,16300.135
2018-11-16 00:00:00,15115.928
2018-11-16 03:00:00,9157.807
2018-11-16 06:00:00,8936.166
2018-11-16 09:00:00,12392.345
2018-11-16 12:00:00,14263.71
2018-11-16 15:00:00,14803.264
2018-11-16 18:00:00,15612.536
2018-11-16 21:00:00,15927.479
2018-11-17 00:00:00,16123.682
2018-11-17 03:00:00,12786.943
2018-11-17 06:00:00,11045.9
2018-11-17 09:00:00,13417.282
2018-11-17 12:00:00,14914.603
2018-11-17 15:00:00,15150.702
2018-11-17 18:00:00,15311.053
2018-11-17 21:00:00,16152.51
2018-11-18 00:00:00,15788.414
2018-11-18 03:00:00,12679.606
2018-11-18 06:00:00,10108.172
2018-11-18 09:00:00,10097.392
2018-11-18 12:00:00,13676.996
2018-11-18 15:00:00,13644.494
2018-11-18 18:00:00,12968.4375
2018-11-18 21:00:00,10996.447
2018-11-19 00:00:00,12955.731
2018-11-19 03:00:00,6410.1323
2018-11-19 06:00:00,5089.154
2018-11-19 09:00:00,11681.01
2018-11-19 12:00:00,15127.345
2018-11-19 15:00:00,15156.488
2018-11-19 18:00:00,14257.914
2018-11-19 21:00:00,15448.08
2018-11-20 00:00:00,15380.176
2018-11-20 03:00:00,11016.754
2018-11-20 06:00:00,7406.8857
2018-11-20 09:00:00,8137.2954
2018-11-20 12:00:00,14264.174
2018-11-20 15:00:00,9842.114
2018-11-20 18:00:00,10874.122
2018-11-20 21:00:00,12656.744
2018-11-21 00:00:00,11896.139
2018-11-21 03:00:00,7488.0576
2018-11-21 06:00:00,5904.8174
2018-11-21 09:00:00,10706.347
2018-11-21 12:00:00,11254.273
2018-11-21 15:00:00,11149.017
2018-11-21 18:00:00,12369.421
2018-11-21 21:00:00,15240.409
2018-11-22 00:00:00,14355.268
2018-11-22 03:00:00,11607.214
2018-11-22 06:00:00,10118.427
2018-11-22 09:00:00,12424.753
2018-11-22 12:00:00,13523.425
2018-11-22 15:00:00,13884.291
2018-11-22 18:00:00,13709.519
2018-11-22 21:00:00,14551.015
2018-11-23 00:00:00,14124.543
2018-11-23 03:00:00,10575.446
2018-11-23 06:00:00,9172.34
2018-11-23 09:00:00,13765.624
2018-11-23 12:00:00,12497.376
2018-11-23 15:00:00,11654.345
2018-11-23 18:00:00,10898.46
2018-11-23 21:00:00,13500.407
2018-11-24 00:00:00,16441.873
2018-11-24 03:00:00,10556.265
2018-11-24 06:00:00,10657.037
2018-11-24 09:00:00,15153.435
2018-11-24 12:00:00,15017.202
2018-11-24 15:00:00,11923.549
2018-11-24 18:00:00,13134.945
2018-11-24 21:00:00,15022.474
2018-11-25 00:00:00,12893.866
2018-11-25 03:00:00,6159.6055
2018-11-25 06:00:00,3531.9485
2018-11-25 09:00:00,8615.673
2018-11-25 12:00:00,10177.665
2018-11-25 15:00:00,9627.496
2018-11-25 18:00:00,11381.923
2018-11-25 21:00:00,10993.509
2018-11-26 00:00:00,11224.602
2018-11-26 03:00:00,4109.2256
2018-11-26 06:00:00,1863.0397
2018-11-26 09:00:00,6743.194
2018-11-26 12:00:00,8250.023
2018-11-26 15:00:00,10321.651
2018-11-26 18:00:00,11058.912
2018-11-26 21:00:00,13741.62
2018-11-27 00:00:00,11086.009
2018-11-27 03:00:00,10369.801
2018-11-27 06:00:00,7825.741
2018-11-27 09:00:00,13343.661
2018-11-27 12:00:00,11384.747
2018-11-27 15:00:00,10981.616
2018-11-27 18:00:00,12484.617
2018-11-27 21:00:00,15544.594
2018-11-28 00:00:00,14002.782
2018-11-28 03:00:00,7475.605
2018-11-28 06:00:00,6498.3027
2018-11-28 09:00:00,8464.361
2018-11-28 12:00:00,11752.336
2018-11-28 15:00:00,12694.322
2018-11-28 18:00:00,13099.271
2018-11-28 21:00:00,14961.836
2018-11-29 00:00:00,12486.914
2018-11-29 03:00:00,8659.329
2018-11-29 06:00:00,5056.301
2018-11-29 09:00:00,8963.409
2018-11-29 12:00:00,13554.499
2018-11-29 15:00:00,11872.296
2018-11-29 18:00:00,14933.576
2018-11-29 21:00:00,12189.185
2018-11-30 00:00:00,14168.768
2018-11-30 03:00:00,6431.308
2018-11-30 06:00:00,4658.216
2018-11-30 09:00:00,11422.463
2018-11-30 12:00:00,11509.947
2018-11-30 15:00:00,10439.699
2018-11-30 18:00:00,9508.414
2018-11-30 21:00:00,12757.075
2018-12-01 00:00:00,10583.999
2018-12-01 03:00:00,6792.523
2018-12-01 06:00:00,5228.3965
2018-12-01 09:00:00,8985.938
2018-12-01 12:00:00,11097.518
2018-12-01 15:00:00,10993.786
2018-12-01 18:00:00,10036.849
2018-12-01 21:00:00,11464.272
2018-12-02 00:00:00,11229.997
2018-12-02 03:00:00,6241.667
2018-12-02 06:00:00,4939.6455
2018-12-02 09:00:00,9120.588
2018-12-02 12:00:00,11377.049
2018-12-02 15:00:00,11213.104
2018-12-02 18:00:00,10215.432
2018-12-02 21:00:00,11159.804
2018-12-03 00:00:00,10669.043
2018-12-03 03:00:00,4722.7285
2018-12-03 06:00:00,3601.5242
2018-12-03 09:00:00,7337.0625
2018-12-03 12:00:00,9004.4375
2018-12-03 15:00:00,8886.135
2018-12-03 18:00:00,8288.666
2018-12-03 21:00:00,9449.869
2018-12-04 00:00:00,9783.566
2018-12-04 03:00:00,6020.4067
2018-12-04 06:00:00,4903.6963
2018-12-04 09:00:00,7854.112
2018-12-04 12:00:00,8401.857
2018-12-04 15:00:00,8211.917
2018-12-04 18:00:00,6870.3037
2018-12-04 21:00:00,7537.06
2018-12-05 00:00:00,9030.88
2018-12-05 03:00:00,6792.2593
2018-12-05 06:00:00,5514.7827
2018-12-05 09:00:00,8950.731
2018-12-05 12:00:00,10105.9
2018-12-05 15:00:00,10128.555
2018-12-05 18:00:00,8966.437
2018-12-05 21:00:00,9978.408
2018-12-06 00:00:00,12782.824
2018-12-06 03:00:00,10287.595
2018-12-06 06:00:00,8931.71
2018-12-06 09:00:00,11436.313
2018-12-06 12:00:00,13398.023
2018-12-06 15:00:00,13136.513
2018-12-06 18:00:00,12614.911
2018-12-06 21:00:00,13375.365
2018-12-07 00:00:00,13980.673
2018-12-07 03:00:00,10364.171
2018-12-07 06:00:00,9404.917
2018-12-07 09:00:00,12251.67
2018-12-07 12:00:00,13942.332
2018-12-07 15:00:00,13469.106
2018-12-07 18:00:00,12903.926
2018-12-07 21:00:00,13126.633
2018-12-08 00:00:00,14465.233
2018-12-08 03:00:00,10437.83
2018-12-08 06:00:00,8665.889
2018-12-08 09:00:00,11563.897
2018-12-08 12:00:00,13820.402
2018-12-08 15:00:00,13327.769
2018-12-08 18:00:00,13053.487
2018-12-08 21:00:00,14133.777
2018-12-09 00:00:00,14148.81
2018-12-09 03:00:00,10179.844
2018-12-09 06:00:00,9143.504
2018-12-09 09:00:00,11060.445
2018-12-09 12:00:00,13111.521
2018-12-09 15:00:00,13234.036
2018-12-09 18:00:00,12755.7
2018-12-09 21:00:00,13200.589
2018-12-10 00:00:00,11628.432
2018-12-10 03:00:00,10058.516
2018-12-10 06:00:00,8941.298
2018-12-10 09:00:00,10811.255
2018-12-10 12:00:00,13591.665
2018-12-10 15:00:00,13336.316
2018-12-10 18:00:00,13335.8125
2018-12-10 21:00:00,14424.142
2018-12-11 00:00:00,14968.986
2018-12-11 03:00:00,10873.504
2018-12-11 06:00:00,9081.357
2018-12-11 09:00:00,12428.526
2018-12-11 12:00:00,15613.295
2018-12-11 15:00:00,14972.393
2018-12-11 18:00:00,15347.544
2018-12-11 21:00:00,15804.296
2018-12-12 00:00:00,15595.704
2018-12-12 03:00:00,11319.345
2018-12-12 06:00:00,9552.968
2018-12-12 09:00:00,13767.358
2018-12-12 12:00:00,17024.05
2018-12-12 15:00:00,16867.596
2018-12-12 18:00:00,16139.133
2018-12-12 21:00:00,16132.05
2018-12-13 00:00:00,12956.27
2018-12-13 03:00:00,5025.071
2018-12-13 06:00:00,4343.405
2018-12-13 09:00:00,7602.096
2018-12-13 12:00:00,9588.579
2018-12-13 15:00:00,8240.452
2018-12-13 18:00:00,9474.443
2018-12-13 21:00:00,13462.129
2018-12-14 00:00:00,9998.736
2018-12-14 03:00:00,6027.0586
2018-12-14 06:00:00,3972.1375
2018-12-14 09:00:00,8847.538
2018-12-14 12:00:00,11252.825
2018-12-14 15:00:00,11011.366
2018-12-14 18:00:00,13104.086
2018-12-14 21:00:00,16652.604
2018-12-15 00:00:00,15343.871
2018-12-15 03:00:00,8431.097
2018-12-15 06:00:00,6857.764
2018-12-15 09:00:00,12438.697
2018-12-15 12:00:00,14711.536
2018-12-15 15:00:00,15004.495
2018-12-15 18:00:00,11817.862
2018-12-15 21:00:00,11612.179
2018-12-16 00:00:00,12320.515
2018-12-16 03:00:00,6573.116
2018-12-16 06:00:00,5987.3105
2018-12-16 09:00:00,9663.593
2018-12-16 12:00:00,11867.42
2018-12-16 15:00:00,10112.433
2018-12-16 18:00:00,9871.009
2018-12-16 21:00:00,11687.805
2018-12-17 00:00:00,9805.307
2018-12-17 03:00:00,5831.6504
2018-12-17 06:00:00,6650.6343
2018-12-17 09:00:00,10493.229
2018-12-17 12:00:00,14239.711
2018-12-17 15:00:00,12324.11
2018-12-17 18:00:00,14113.452
2018-12-17 21:00:00,14495.026
2018-12-18 00:00:00,12921.8125
2018-12-18 03:00:00,7161.3374
2018-12-18 06:00:00,5237.4863
2018-12-18 09:00:00,9854.579
2018-12-18 12:00:00,13969.787
2018-12-18 15:00:00,13814.116
2018-12-18 18:00:00,15257.813
2018-12-18 21:00:00,17288.908
2018-12-19 00:00:00,15750.872
2018-12-19 03:00:00,9406.692
2018-12-19 06:00:00,5270.7544
2018-12-19 09:00:00,9232.674
2018-12-19 12:00:00,11321.1875
2018-12-19 15:00:00,9923.475
2018-12-19 18:00:00,12716.612
2018-12-19 21:00:00,15942.59
2018-12-20 00:00:00,14412.57
2018-12-20 03:00:00,9840.2705
2018-12-20 06:00:00,8488.137
2018-12-20 09:00:00,10480.753
2018-12-20 12:00:00,12744.893
2018-12-20 15:00:00,12146.031
2018-12-20 18:00:00,13014.487
2018-12-20 21:00:00,12289.106
2018-12-21 00:00:00,11993.682
2018-12-21 03:00:00,6173.2637
2018-12-21 06:00:00,4038.3435
2018-12-21 09:00:00,9211.287
2018-12-21 12:00:00,12740.639
2018-12-21 15:00:00,12232.81
2018-12-21 18:00:00,12041.385
2018-12-21 21:00:00,14086.557
2018-12-22 00:00:00,14162.616
2018-12-22 03:00:00,9356.057
2018-12-22 06:00:00,6709.4604
2018-12-22 09:00:00,9874.692
2018-12-22 12:00:00,12632.87
2018-12-22 15:00:00,14100.643
2018-12-22 18:00:00,15086.103
2018-12-22 21:00:00,14103.281
2018-12-23 00:00:00,13444.861
2018-12-23 03:00:00,6668.1855
2018-12-23 06:00:00,5226.2217
2018-12-23 09:00:00,11642.405
2018-12-23 12:00:00,15227.845
2018-12-23 15:00:00,13953.211
2018-12-23 18:00:00,15793.195
2018-12-23 21:00:00,16925.234
2018-12-24 00:00:00,13471.388
2018-12-24 03:00:00,8174.2573
2018-12-24 06:00:00,6438.5464
2018-12-24 09:00:00,10289.669
2018-12-24 12:00:00,12766.4375
2018-12-24 15:00:00,13245.313
2018-12-24 18:00:00,13209.968
2018-12-24 21:00:00,14616.128
2018-12-25 00:00:00,12978.057
2018-12-25 03:00:00,9052.589
2018-12-25 06:00:00,6352.2686
2018-12-25 09:00:00,8645.613
2018-12-25 12:00:00,13279.986
2018-12-25 15:00:00,13702.652
2018-12-25 18:00:00,13284.084
2018-12-25 21:00:00,14740.914
2018-12-26 00:00:00,13121.793
2018-12-26 03:00:00,10213.023
2018-12-26 06:00:00,7042.0176
2018-12-26 09:00:00,10268.786
2018-12-26 12:00:00,13921.775
2018-12-26 15:00:00,13029.13
2018-12-26 18:00:00,13254.959
2018-12-26 21:00:00,14205.871
2018-12-27 00:00:00,13616.153
2018-12-27 03:00:00,9085.847
2018-12-27 06:00:00,7592.582
2018-12-27 09:00:00,10595.602
2018-12-27 12:00:00,13955.001
2018-12-27 15:00:00,12543.124
2018-12-27 18:00:00,12257.506
2018-12-27 21:00:00,13418.93
2018-12-28 00:00:00,13383.626
2018-12-28 03:00:00,8306.479
2018-12-28 06:00:00,6854.457
2018-12-28 09:00:00,10230.2
2018-12-28 12:00:00,13142.155
2018-12-28 15:00:00,12873.38
2018-12-28 18:00:00,11317.199
2018-12-28 21:00:00,13469.196
2018-12-29 00:00:00,11524.146
2018-12-29 03:00:00,5345.3433
2018-12-29 06:00:00,3891.538
2018-12-29 09:00:00,9629.622
2018-12-29 12:00:00,11282.293
2018-12-29 15:00:00,10907.35
2018-12-29 18:00:00,10832.986
2018-12-29 21:00:00,12629.251
2018-12-30 00:00:00,11991.844
2018-12-30 03:00:00,6113.989
2018-12-30 06:00:00,4086.7585
2018-12-30 09:00:00,7161.4375
2018-12-30 12:00:00,12260.16
2018-12-30 15:00:00,11097.093
2018-12-30 18:00:00,11418.294
2018-12-30 21:00:00,12778.104
2018-12-31 00:00:00,11329.803
2018-12-31 03:00:00,5148.1626
2018-12-31 06:00:00,2772.5186
2018-12-31 09:00:00,9154.742
2018-12-31 12:00:00,11524.095
2018-12-31 15:00:00,8128.7
2018-12-31 18:00:00,12185.807
2018-12-31 21:00:00,11216.187
